-- phpMyAdmin SQL Dump
-- version 4.5.4.1deb2ubuntu2
-- http://www.phpmyadmin.net
--
-- Host: localhost
-- Generation Time: Mar 31, 2018 at 08:27 PM
-- Server version: 10.2.13-MariaDB-10.2.13+maria~xenial-log
-- PHP Version: 7.0.28-0ubuntu0.16.04.1

SET SQL_MODE = "NO_AUTO_VALUE_ON_ZERO";
SET time_zone = "+00:00";


/*!40101 SET @OLD_CHARACTER_SET_CLIENT=@@CHARACTER_SET_CLIENT */;
/*!40101 SET @OLD_CHARACTER_SET_RESULTS=@@CHARACTER_SET_RESULTS */;
/*!40101 SET @OLD_COLLATION_CONNECTION=@@COLLATION_CONNECTION */;
/*!40101 SET NAMES utf8mb4 */;

--
-- Database: `mycologie`
--

-- --------------------------------------------------------

--
-- Table structure for table `biotope`
--

CREATE TABLE `biotope` (
  `id` int(10) UNSIGNED NOT NULL,
  `region` varchar(255) CHARACTER SET utf8 COLLATE utf8_unicode_ci NOT NULL,
  `updated_at` timestamp NOT NULL DEFAULT current_timestamp,
  `created_at` timestamp NOT NULL DEFAULT current_timestamp
) ;

--
-- Dumping data for table `biotope`
--

INSERT INTO `biotope` (`id`, `region`, `updated_at`, `created_at`) VALUES
(1, 'Sous châtaigniers', '2018-02-14 13:07:41', '2018-02-14 13:07:41'),
(2, 'Sous conifère', '2018-02-14 13:07:41', '2018-02-14 13:07:41'),
(3, 'Sous peupliers tremble', '2018-02-14 13:09:10', '2018-02-14 13:09:10'),
(4, 'Sous épicéas', '2018-02-14 13:09:10', '2018-02-14 13:09:10'),
(5, 'Sous bouleaux', '2018-02-14 13:09:10', '2018-02-14 13:09:10'),
(6, 'Sous pins', '2018-02-14 13:09:10', '2018-02-14 13:09:10'),
(7, 'Sous frênes', '2018-02-14 13:09:10', '2018-02-14 13:09:10'),
(8, 'Sous chênes', '2018-02-14 13:09:10', '2018-02-14 13:09:10'),
(9, 'En sphaigne', '2018-02-14 13:09:10', '2018-02-14 13:09:10'),
(10, 'Sous érables', '2018-02-14 13:09:10', '2018-02-14 13:09:10'),
(11, 'Sous feuillus', '2018-02-14 13:10:39', '2018-02-14 13:10:39'),
(12, 'Sous mélèzes', '2018-02-14 13:10:39', '2018-02-14 13:10:39'),
(13, 'Dans les prés', '2018-02-14 13:11:01', '2018-02-14 13:11:01'),
(14, 'Milieux herbeux', '2018-02-14 13:11:01', '2018-02-14 13:11:01'),
(15, 'Autre', '2018-02-14 13:50:55', '2018-02-14 13:50:55'),
(16, 'Sous hêtres', '2018-03-13 14:23:22', '2018-03-13 14:23:22'),
(17, 'Forêts', '2018-03-13 14:25:02', '2018-03-13 14:25:02');

-- --------------------------------------------------------

--
-- Table structure for table `edibility`
--

CREATE TABLE `edibility` (
  `id` int(10) UNSIGNED NOT NULL,
  `status` varchar(255) CHARACTER SET utf8 COLLATE utf8_unicode_ci NOT NULL,
  `updated_at` timestamp NOT NULL DEFAULT current_timestamp,
  `created_at` timestamp NOT NULL DEFAULT current_timestamp
) ;

--
-- Dumping data for table `edibility`
--

INSERT INTO `edibility` (`id`, `status`, `updated_at`, `created_at`) VALUES
(1, 'Mortel', '2018-02-14 14:06:42', '2018-02-14 14:06:42'),
(2, 'Toxique', '2018-02-14 14:06:42', '2018-02-14 14:06:42'),
(3, 'Toxique/comestible avec recommandation', '2018-02-19 16:37:43', '2018-02-14 14:06:42'),
(4, 'Comestible', '2018-02-14 14:06:42', '2018-02-14 14:06:42'),
(5, 'Sans valeur', '2018-02-14 14:06:42', '2018-02-14 14:06:42'),
(6, 'Comestible bien cuit', '2018-02-14 14:06:54', '2018-02-14 14:06:54'),
(7, 'Suspect', '2018-02-14 14:56:04', '2018-02-14 14:56:04');

-- --------------------------------------------------------

--
-- Table structure for table `specie`
--

CREATE TABLE `specie` (
  `id` varchar(150) NOT NULL,
  `name_latin` varchar(255) CHARACTER SET utf8 COLLATE utf8_unicode_ci NOT NULL,
  `name_french` varchar(255) CHARACTER SET utf8 COLLATE utf8_unicode_ci NOT NULL,
  `edibility_id` int(10) UNSIGNED NOT NULL,
  `trophic_status_id` int(10) UNSIGNED NOT NULL,
  `biotope_id` int(10) UNSIGNED NOT NULL,
  `other_region` varchar(255) CHARACTER SET utf8 COLLATE utf8_unicode_ci DEFAULT NULL,
  `confusion` varchar(255) CHARACTER SET utf8 COLLATE utf8_unicode_ci DEFAULT NULL,
  `comment` text NOT NULL,
  `creator_id` int(10) UNSIGNED NOT NULL,
  `updated_at` timestamp NOT NULL DEFAULT current_timestamp,
  `created_at` timestamp NOT NULL DEFAULT current_timestamp
) ;

--
-- Dumping data for table `specie`
--

INSERT INTO `specie` (`id`, `name_latin`, `name_french`, `edibility_id`, `trophic_status_id`, `biotope_id`, `other_region`, `confusion`, `comment`, `creator_id`, `updated_at`, `created_at`) VALUES
('5', 'Cystolepiota bucknalli ', 'Lépiote à odeur sulfureuse', 7, 1, 11, NULL, NULL, 'je test le changement de descr', 3, '2018-03-31 18:11:44', '2018-03-13 14:45:43'),
('5abfc5e48d5ab', 'Abortiporus biennis \r\n', 'Polypore bisannuel\r\n', 5, 3, 15, 'Surtout sur bois enterré\r\n', NULL, '', 3, '2018-03-31 17:31:16', '2018-03-13 14:45:43'),
('5abfc5e49d0ec', 'Hypholoma capnoides \r\n', 'Hypholome à lames enfumées\r\n', 2, 1, 2, NULL, NULL, '', 3, '2018-03-31 17:31:16', '2018-03-13 14:45:43'),
('5abfc5e4a3379', 'Chalciporus piperatus \r\n', 'Bolet poivré\r\n', 5, 1, 17, NULL, NULL, '', 3, '2018-03-31 17:31:16', '2018-03-13 14:45:47'),
('5abfc5e4a95a5', 'Chamaemyces fracidus \r\n', 'Lépiote à pied tavelé\r\n', 5, 1, 14, NULL, NULL, '', 3, '2018-03-31 17:31:16', '2018-03-13 14:45:47'),
('5abfc5e4af7a6', 'Cheimonophyllum candidissimum \r\n', 'Faux crépidote blanc de neige\r\n', 5, 3, 15, 'Sur bois. \r\n', NULL, '', 3, '2018-03-31 17:31:16', '2018-03-13 14:45:47'),
('5abfc5e4c8027', 'Chlorociboria aeruginascens \r\n', 'Pezize turquoise\r\n', 5, 3, 15, 'Sur bois. \r\n', NULL, '', 3, '2018-03-31 17:31:16', '2018-03-13 14:45:47'),
('5abfc5e4ce1fc', 'Choiromyces venosus \r\n', 'Truffe des porçins\r\n', 2, 1, 17, NULL, NULL, '', 3, '2018-03-31 17:31:16', '2018-03-13 14:45:47'),
('5abfc5e4d8671', 'Chondrostereum purpureum \r\n', 'Stérée pourpre\r\n', 5, 1, 11, NULL, NULL, '', 3, '2018-03-31 17:31:16', '2018-03-13 14:45:47'),
('5abfc5e4de796', 'Chroogomphus rutilus \r\n', 'Gomphide rutilant\r\n', 4, 1, 6, NULL, NULL, '', 3, '2018-03-31 17:31:16', '2018-03-13 14:45:47'),
('5abfc5e4e4a9b', 'Hypoxylon fragiforme \r\n', 'Hypoxylon petite fraise\r\n', 5, 3, 15, 'Sur bois. \r\n', NULL, '', 3, '2018-03-31 17:31:16', '2018-03-13 14:45:47'),
('5abfc5e51b4da', 'Clathrus archeri \r\n', 'Clathre étoilé\r\n', 5, 1, 17, NULL, NULL, '', 3, '2018-03-31 17:31:17', '2018-03-13 14:45:47'),
('5abfc5e527868', 'Clavaria fragilis \r\n', 'Clavaire fragile\r\n', 5, 1, 14, NULL, NULL, '', 3, '2018-03-31 17:31:17', '2018-03-13 14:45:47'),
('5abfc5e53e156', 'Schizopora paradoxa \r\n', 'Polypore paradoxal\r\n', 5, 1, 11, NULL, NULL, '', 3, '2018-03-31 17:31:17', '2018-03-13 14:45:43'),
('5abfc5e54c337', 'Clavariadelphus pistillaris \r\n', 'Clavaire en pilon\r\n', 5, 1, 11, NULL, NULL, '', 3, '2018-03-31 17:31:17', '2018-03-13 14:45:47'),
('5abfc5e552612', 'Clavulina cinerea \r\n', 'Clavaire cendrée\r\n', 5, 1, 11, NULL, NULL, '', 3, '2018-03-31 17:31:17', '2018-03-13 14:45:47'),
('5abfc5e558795', 'Clavulina cristata \r\n', 'Clavaire dentelée\r\n', 5, 1, 17, NULL, NULL, '', 3, '2018-03-31 17:31:17', '2018-03-13 14:45:47'),
('5abfc5e55e997', 'Clavulina rugosa \r\n', 'Clavaire ridée\r\n', 5, 1, 17, NULL, NULL, '', 3, '2018-03-31 17:31:17', '2018-03-13 14:45:47'),
('5abfc5e564bee', 'Clavulinopsis fusiformis \r\n', 'Clavaire en fuseau\r\n', 5, 1, 14, NULL, NULL, '', 3, '2018-03-31 17:31:17', '2018-03-13 14:45:47'),
('5abfc5e56ae01', 'Clitocybe alexandri \r\n', 'Clitocybe plombé\r\n', 4, 1, 2, NULL, NULL, '', 3, '2018-03-31 17:31:17', '2018-03-13 14:45:47'),
('5abfc5e571024', 'Cortinarius bulbosus \r\n', 'Cortinaire bulbeux\r\n', 5, 1, 11, NULL, NULL, '', 3, '2018-03-31 17:31:17', '2018-03-13 14:45:47'),
('5abfc5e57725c', 'Ampulloclitocybe clavipes \r\n', 'Clitocybe à pied en  massue\r\n', 2, 1, 17, NULL, NULL, '', 3, '2018-03-31 17:31:17', '2018-03-13 14:45:47'),
('5abfc5e57d48b', 'Clitocybe costata \r\n', 'Clitocybe côtelé\r\n', 4, 1, 2, NULL, NULL, '', 3, '2018-03-31 17:31:17', '2018-03-13 14:45:47'),
('5abfc5e5836c0', 'Hygrophorus pudorinus \r\n', 'Hygrophore pudibond\r\n', 5, 1, 2, NULL, NULL, '', 3, '2018-03-31 17:31:17', '2018-03-13 14:45:47'),
('5abfc5e58fa90', 'Hymenochaete rubiginosa \r\n', 'Hyménochaete rouille\r\n', 5, 1, 11, NULL, NULL, '', 3, '2018-03-31 17:31:17', '2018-03-13 14:45:43'),
('5abfc5e59def8', 'Amanita citrina \r\n', 'Amanite citrine\r\n', 7, 1, 17, NULL, NULL, '', 3, '2018-03-31 17:31:17', '2018-03-13 14:45:47'),
('5abfc5e5a410d', 'Hygrophorus poetarum \r\n', 'Hygrophore des poètes\r\n', 4, 1, 11, NULL, NULL, '', 3, '2018-03-31 17:31:17', '2018-03-13 14:45:47'),
('5abfc5e5aa335', 'Clitocybe ditopa \r\n', 'Clitocybe à odeur de  farine\r\n', 5, 1, 2, NULL, NULL, '', 3, '2018-03-31 17:31:17', '2018-03-13 14:45:47'),
('5abfc5e5b0534', 'Clitocybe fragrans \r\n', 'Clitocybe anisé strié\r\n', 2, 1, 17, NULL, NULL, '', 3, '2018-03-31 17:31:17', '2018-03-13 14:45:47'),
('5abfc5e5b6772', 'Hygrophorus persoonii \r\n', 'Hygrophore de Persoon\r\n', 4, 1, 11, NULL, NULL, '', 3, '2018-03-31 17:31:17', '2018-03-13 14:45:47'),
('5abfc5e5bc9b1', 'Clitocybe gibba \r\n', 'Clitocybe en entonnoir\r\n', 4, 1, 17, NULL, NULL, '', 3, '2018-03-31 17:31:17', '2018-03-13 14:45:47'),
('5abfc5e5d7241', 'Clitocybe inornata \r\n', 'Clitocybe à odeur de  poisson\r\n', 5, 1, 17, NULL, NULL, '', 3, '2018-03-31 17:31:17', '2018-03-13 14:45:47'),
('5abfc5e5dd43b', 'Infundibulicybe geotropa \r\n', 'Clitocybe géotrope\r\n', 7, 1, 11, NULL, NULL, '', 3, '2018-03-31 17:31:17', '2018-03-13 14:45:47'),
('5abfc5e5e3683', 'Clitocybe metachroa \r\n', 'Clitocybe à centre brun\r\n', 5, 1, 2, NULL, NULL, '', 3, '2018-03-31 17:31:17', '2018-03-13 14:45:47'),
('5abfc5e5eb952', 'Clitocybe nebularis\r\n', 'Clitocybe nébuleux, Saint-Martin\r\n', 4, 1, 17, NULL, NULL, '', 3, '2018-03-31 17:31:17', '2018-03-13 14:45:47'),
('5abfc5e5f3ca3', 'Hygrophorus russula \r\n', 'Hygrophore russule\r\n', 4, 1, 11, NULL, NULL, '', 3, '2018-03-31 17:31:17', '2018-03-13 14:45:43'),
('5abfc5e61a25c', 'Cortinarius privignus \r\n', 'Cortinaire apparenté à Cortinarius malachius\r\n', 5, 1, 4, NULL, NULL, '', 3, '2018-03-31 17:31:18', '2018-03-13 14:45:47'),
('5abfc5e6224fe', 'Clitocybe odora \r\n', 'Clitocybe odorant\r\n', 4, 1, 17, NULL, NULL, '', 3, '2018-03-31 17:31:18', '2018-03-13 14:45:48'),
('5abfc5e62a7b2', 'Clitocybe phaeophthalma \r\n', 'Clitocybe à odeur de  poulailler\r\n', 2, 1, 11, NULL, NULL, '', 3, '2018-03-31 17:31:18', '2018-03-13 14:45:48'),
('5abfc5e6309ab', 'Clitocybe phyllophila \r\n', 'Clitocybe des feuilles\r\n', 2, 1, 2, NULL, NULL, '', 3, '2018-03-31 17:31:18', '2018-03-13 14:45:48'),
('5abfc5e636c0d', 'Clitocybe rivulosa \r\n', 'Clitocybe dit du bord des  routes\r\n', 2, 1, 17, NULL, NULL, '', 3, '2018-03-31 17:31:18', '2018-03-13 14:45:48'),
('5abfc5e63eec8', 'Clitocybe umbilicata \r\n', 'Clitocybe ombiliqué\r\n', 2, 1, 2, NULL, NULL, '', 3, '2018-03-31 17:31:18', '2018-03-13 14:45:48'),
('5abfc5e6450e5', 'Clitocybe vibecina \r\n', 'Clitocybe moisi\r\n', 5, 1, 17, NULL, NULL, '', 3, '2018-03-31 17:31:18', '2018-03-13 14:45:48'),
('5abfc5e64b323', 'Clitopilus prunulus \r\n', 'Meunier\r\n', 4, 1, 17, NULL, NULL, '', 3, '2018-03-31 17:31:18', '2018-03-13 14:45:48'),
('5abfc5e651538', 'Connopus acervatus \r\n', 'Collybie à pied rouge des  conifères\r\n', 5, 1, 2, NULL, NULL, '', 3, '2018-03-31 17:31:18', '2018-03-13 14:45:48'),
('5abfc5e657753', 'Cantharellus cinereus \r\n', 'Chanterelle cendrée\r\n', 4, 1, 17, NULL, NULL, '', 3, '2018-03-31 17:31:18', '2018-03-13 14:45:48'),
('5abfc5e65da65', 'Agaricus langei \r\n', 'Agaricus rougissant\r\n', 4, 1, 2, NULL, NULL, '', 3, '2018-03-31 17:31:18', '2018-03-13 14:45:43'),
('5abfc5e663b6d', 'Gymnopus ocior \r\n', 'Collybie ambrée\r\n', 5, 1, 17, NULL, NULL, '', 3, '2018-03-31 17:31:18', '2018-03-13 14:45:48'),
('5abfc5e669df1', 'Gymnopus confluens \r\n', 'Collybie en touffes\r\n', 5, 1, 17, NULL, NULL, '', 3, '2018-03-31 17:31:18', '2018-03-13 14:45:48'),
('5abfc5e6704a9', 'Craterellus sinuosus \r\n', 'Craterelle sinueuse\r\n', 4, 1, 11, NULL, NULL, '', 3, '2018-03-31 17:31:18', '2018-03-13 14:45:48'),
('5abfc5e6766bd', 'Gymnopus dryophilus \r\n', 'Collybie des chênes\r\n', 5, 1, 17, NULL, NULL, '', 3, '2018-03-31 17:31:18', '2018-03-13 14:45:48'),
('5abfc5e67c8d8', 'Gymnopus fusipes \r\n', 'Collybie à pied en  fuseau\r\n', 7, 1, 11, NULL, NULL, '', 3, '2018-03-31 17:31:18', '2018-03-13 14:45:48'),
('5abfc5e68addd', 'Gymnopus erythropus \r\n', 'Collybie à pied rouge\r\n', 5, 1, 11, NULL, NULL, '', 3, '2018-03-31 17:31:18', '2018-03-13 14:45:48'),
('5abfc5e692fa3', 'Hypholoma radicosum \r\n', 'Hypholome radicant\r\n', 2, 1, 2, NULL, NULL, '', 3, '2018-03-31 17:31:18', '2018-03-13 14:45:48'),
('5abfc5e69d371', 'Hypholoma marginatum \r\n', 'Hypholome marginé\r\n', 2, 1, 2, NULL, NULL, '', 3, '2018-03-31 17:31:18', '2018-03-13 14:45:48'),
('5abfc5e6a3587', 'Gymnopus peronatus \r\n', 'Collybie guêtrée\r\n', 7, 1, 17, NULL, NULL, '', 3, '2018-03-31 17:31:18', '2018-03-13 14:45:48'),
('5abfc5e6a97b2', 'Coltricia perennis \r\n', 'Polypore durable\r\n', 5, 3, 15, 'Surtout sur charbonnières. \r\n', NULL, '', 3, '2018-03-31 17:31:18', '2018-03-13 14:45:48'),
('5abfc5e6afa36', 'Agaricus macrocarpus \r\n', 'Agaric géant des bois\r\n', 7, 1, 6, NULL, NULL, '', 3, '2018-03-31 17:31:18', '2018-03-13 14:45:43'),
('5abfc5e6b9d37', 'Coprinopsis atramentaria \r\n', 'Coprin noir d’encre\r\n', 4, 1, 17, NULL, NULL, '', 3, '2018-03-31 17:31:18', '2018-03-13 14:45:48'),
('5abfc5e6bff14', 'Coprinus comatus \r\n', 'Coprin chevelu\r\n', 4, 3, 15, 'Terrains gras. \r\n', NULL, '', 3, '2018-03-31 17:31:18', '2018-03-13 14:45:48'),
('5abfc5e6c617e', 'Coprinellus disseminatus \r\n', 'Coprin grégaire\r\n', 5, 3, 15, 'Sur bois. \r\n', NULL, '', 3, '2018-03-31 17:31:18', '2018-03-13 14:45:48'),
('5abfc5e6da821', 'Coprinopsis lagopus \r\n', 'Coprin pied-de-lièvre\r\n', 5, 1, 17, NULL, NULL, '', 3, '2018-03-31 17:31:18', '2018-03-13 14:45:48'),
('5abfc5e6e0b2a', 'Coprinellus micaceus \r\n', 'Coprin micacé\r\n', 7, 1, 11, NULL, NULL, '', 3, '2018-03-31 17:31:18', '2018-03-13 14:45:48'),
('5abfc5e6f30a5', 'Coprinopsis picacea \r\n', 'Coprin pie\r\n', 5, 1, 11, NULL, NULL, '', 3, '2018-03-31 17:31:18', '2018-03-13 14:45:48'),
('5abfc5e70d305', 'Parasola plicatilis \r\n', 'Coprin parasol\r\n', 5, 1, 14, NULL, NULL, '', 3, '2018-03-31 17:31:19', '2018-03-13 14:45:48'),
('5abfc5e727ba4', 'Elaphocordyceps capitata \r\n', 'Cordyceps à tête renflée\r\n', 5, 5, 15, 'Sur truffes des cerfs. \r\n', NULL, '', 3, '2018-03-31 17:31:19', '2018-03-13 14:45:48'),
('5abfc5e73a18b', 'Elaphocordyceps ophioglossoides \r\n', 'Cordyceps langue-de-serpent\r\n', 5, 5, 15, 'Sur truffes des cerfs. \r\n', NULL, '', 3, '2018-03-31 17:31:19', '2018-03-13 14:45:48'),
('5abfc5e740460', 'Cortinarius acutus \r\n', 'Cortinaire à mamelon pointu\r\n', 5, 1, 2, NULL, NULL, '', 3, '2018-03-31 17:31:19', '2018-03-13 14:45:48'),
('5abfc5e746598', 'Agaricus porphyrizon \r\n', 'Agaric porphyre\r\n', 4, 1, 17, NULL, NULL, '', 3, '2018-03-31 17:31:19', '2018-03-13 14:45:43'),
('5abfc5e74c8aa', 'Cortinarius alboviolaceus \r\n', 'Cortinaire blanc violacé\r\n', 4, 1, 11, NULL, NULL, '', 3, '2018-03-31 17:31:19', '2018-03-13 14:45:48'),
('5abfc5e752a21', 'Cortinarius allutus \r\n', 'Cortinaire lavé\r\n', 4, 1, 2, NULL, NULL, '', 3, '2018-03-31 17:31:19', '2018-03-13 14:45:48'),
('5abfc5e758c5e', 'Cortinarius prasinus \r\n', 'Cortinaire vert poireau\r\n', 5, 1, 11, NULL, NULL, '', 3, '2018-03-31 17:31:19', '2018-03-13 14:45:48'),
('5abfc5e75ef04', 'Cortinarius amoenolens \r\n', 'Cortinaire à odeur agréable\r\n', 5, 1, 11, NULL, NULL, '', 3, '2018-03-31 17:31:19', '2018-03-13 14:45:48'),
('5abfc5e765198', 'Cortinarius anomalus \r\n', 'Cortinaire irrégulier\r\n', 5, 1, 11, NULL, NULL, '', 3, '2018-03-31 17:31:19', '2018-03-13 14:45:48'),
('5abfc5e76b3ec', 'Cortinarius arcuatorum \r\n', 'Cortinaire des Arcuati\r\n', 5, 1, 11, NULL, NULL, '', 3, '2018-03-31 17:31:19', '2018-03-13 14:45:48'),
('5abfc5e771613', 'Cortinarius argutus \r\n', 'Cortinaire à pied pointu\r\n', 5, 1, 3, NULL, NULL, '', 3, '2018-03-31 17:31:19', '2018-03-13 14:45:48'),
('5abfc5e77fa90', 'Cortinarius armillatus \r\n', 'Cortinaire à bracelets\r\n', 4, 1, 5, NULL, NULL, '', 3, '2018-03-31 17:31:19', '2018-03-13 14:45:48'),
('5abfc5e785ca4', 'Cortinarius azureus \r\n', 'Cortinaire azur\r\n', 5, 1, 17, NULL, NULL, '', 3, '2018-03-31 17:31:19', '2018-03-13 14:45:48'),
('5abfc5e79411f', 'Cortinarius balteatocumatilis \r\n', 'Cortinaire entre C. balteatus et C.  cumatilis\r\n', 5, 1, 11, NULL, NULL, '', 3, '2018-03-31 17:31:19', '2018-03-13 14:45:49'),
('5abfc5e79a35d', 'Agaricus moelleri \r\n', 'Agaric pintade\r\n', 2, 1, 11, NULL, NULL, '', 3, '2018-03-31 17:31:19', '2018-03-13 14:45:44'),
('5abfc5e7a6765', 'Cortinarius balteatus \r\n', 'Cortinaire à marge zonée\r\n', 5, 4, 15, 'Epicéas ou bois mêlés. \r\n', NULL, '', 3, '2018-03-31 17:31:19', '2018-03-13 14:45:49'),
('5abfc5e7ac932', 'Cortinarius bataillei \r\n', 'Cortinaire de Bataille\r\n', 5, 1, 2, NULL, NULL, '', 3, '2018-03-31 17:31:19', '2018-03-13 14:45:49'),
('5abfc5e7badbb', 'Cortinarius cagei \r\n', 'Cortinaire de Cage\r\n', 5, 1, 11, NULL, NULL, '', 3, '2018-03-31 17:31:19', '2018-03-13 14:45:49'),
('5abfc5e7c71eb', 'Cortinarius bivelus \r\n', 'Cortinaire à deux voiles\r\n', 5, 1, 17, NULL, NULL, '', 3, '2018-03-31 17:31:19', '2018-03-13 14:45:49'),
('5abfc5e7cf42e', 'Cortinarius bolaris \r\n', 'Cortinaire ocre rouge\r\n', 2, 1, 11, NULL, NULL, '', 3, '2018-03-31 17:31:19', '2018-03-13 14:45:49'),
('5abfc5e7e9caf', 'Cortinarius boudieri \r\n', 'Cortinaire de Boudier\r\n', 5, 1, 17, NULL, NULL, '', 3, '2018-03-31 17:31:19', '2018-03-13 14:45:49'),
('5abfc5e7f1f3c', 'Cortinarius brunneus \r\n', 'Cortinaire brun\r\n', 5, 1, 2, NULL, NULL, '', 3, '2018-03-31 17:31:19', '2018-03-13 14:45:49'),
('5abfc5e80c17e', 'Cortinarius bulliardii \r\n', 'Cortinaire de Bulliard\r\n', 5, 1, 11, NULL, NULL, '', 3, '2018-03-31 17:31:20', '2018-03-13 14:45:49'),
('5abfc5e8144e9', 'Cortinarius caerulescens \r\n', 'Cortinaire bleu outremer\r\n', 4, 1, 11, NULL, NULL, '', 3, '2018-03-31 17:31:20', '2018-03-13 14:45:49'),
('5abfc5e828b11', 'Cortinarius caesiocanescens \r\n', 'Cortinaire gris bleu blanchissant\r\n', 5, 1, 2, NULL, NULL, '', 3, '2018-03-31 17:31:20', '2018-03-13 14:45:49'),
('5abfc5e82ecff', 'Agaricus dulcidulus \r\n', 'Agaric douceâtre\r\n', 4, 1, 17, NULL, NULL, '', 3, '2018-03-31 17:31:20', '2018-03-13 14:45:44'),
('5abfc5e836feb', 'Cortinarius coerulescentium \r\n', 'Cortinaire devenant bleu\r\n', 5, 1, 11, NULL, NULL, '', 3, '2018-03-31 17:31:20', '2018-03-13 14:45:49'),
('5abfc5e83f27c', 'Cortinarius callochrous \r\n', 'Cortinaire aux belles couleurs\r\n', 5, 4, 15, 'Dans les hêtraies sur sol calcaire. \r\n', NULL, '', 3, '2018-03-31 17:31:20', '2018-03-13 14:45:49'),
('5abfc5e8454aa', 'Ramaria flaccida \r\n', 'Ramaire flasque\r\n', 5, 1, 2, NULL, NULL, '', 3, '2018-03-31 17:31:20', '2018-03-13 14:45:49'),
('5abfc5e84b68c', 'Inocybe agardhii \r\n', 'Inocybe d Agardh\r\n', 2, 1, 5, NULL, NULL, '', 3, '2018-03-31 17:31:20', '2018-03-13 14:45:49'),
('5abfc5e851939', 'Inocybe asterospora \r\n', 'Inocybe à spores étoilées\r\n', 2, 1, 11, NULL, NULL, '', 3, '2018-03-31 17:31:20', '2018-03-13 14:45:49'),
('5abfc5e857b5c', 'Inocybe bongardii \r\n', 'Inocybe de Bongard Inocybe à odeur de bergamote\r\n', 2, 1, 11, NULL, NULL, '', 3, '2018-03-31 17:31:20', '2018-03-13 14:45:49'),
('5abfc5e85dd4e', 'Inocybe calamistrata \r\n', 'Inocybe à base verte\r\n', 2, 1, 17, NULL, NULL, '', 3, '2018-03-31 17:31:20', '2018-03-13 14:45:49'),
('5abfc5e863f92', 'Inocybe cervicolor \r\n', 'Inocybe couleur de cerf\r\n', 2, 1, 11, NULL, NULL, '', 3, '2018-03-31 17:31:20', '2018-03-13 14:45:49'),
('5abfc5e86a1a2', 'Inocybe cincinnata \r\n', 'Inocybe à mèches bouclées\r\n', 2, 1, 11, NULL, NULL, '', 3, '2018-03-31 17:31:20', '2018-03-13 14:45:49'),
('5abfc5e8703c8', 'Inocybe cookei \r\n', 'Inocybe de Cooke\r\n', 2, 1, 17, NULL, NULL, '', 3, '2018-03-31 17:31:20', '2018-03-13 14:45:49'),
('5abfc5e87c7a4', 'Agaricus sylvaticus \r\n', 'Agaric des forêts\r\n', 4, 1, 2, NULL, NULL, '', 3, '2018-03-31 17:31:20', '2018-03-13 14:45:44'),
('5abfc5e88d217', 'Inocybe corydalina \r\n', 'Inocybe à odeur de corydale\r\n', 2, 1, 11, NULL, NULL, '', 3, '2018-03-31 17:31:20', '2018-03-13 14:45:49'),
('5abfc5e89337e', 'Inocybe dulcamara \r\n', 'Inocybe doux-amer\r\n', 2, 4, 15, 'Lieux ouverts + sablonneux. \r\n', NULL, '', 3, '2018-03-31 17:31:20', '2018-03-13 14:45:49'),
('5abfc5e8995e4', 'Inocybe adaequata \r\n', 'Inocybe du Jura\r\n', 2, 1, 11, NULL, NULL, '', 3, '2018-03-31 17:31:20', '2018-03-13 14:45:49'),
('5abfc5e89f7ab', 'Inocybe pyriodora \r\n', 'Inocybe à odeur de poire\r\n', 2, 1, 11, NULL, NULL, '', 3, '2018-03-31 17:31:20', '2018-03-13 14:45:49'),
('5abfc5e8a59e6', 'Inocybe geophylla \r\n', 'Inocybe à lames terreuses\r\n', 2, 4, 15, 'Bois mêlés, sol argilo-calcaire. \r\n', NULL, '', 3, '2018-03-31 17:31:20', '2018-03-13 14:45:49'),
('5abfc5e8abc25', 'Inocybe geophylla var. lilacina \r\n', 'Inocybe à lames terreuses, variété lilacine\r\n', 2, 4, 15, 'Bois mêlés, sol argilo-calcaire. \r\n', NULL, '', 3, '2018-03-31 17:31:20', '2018-03-13 14:45:49'),
('5abfc5e8b1e64', 'Inocybe godeyi \r\n', 'Inocybe de Godey\r\n', 2, 1, 11, NULL, NULL, '', 3, '2018-03-31 17:31:20', '2018-03-13 14:45:49'),
('5abfc5e8b808b', 'Inocybe erubescens \r\n', 'Inocybe de Patouillard\r\n', 2, 1, 11, NULL, NULL, '', 3, '2018-03-31 17:31:20', '2018-03-13 14:45:49'),
('5abfc5e8be24f', 'Inocybe lanuginosa \r\n', 'Inocybe laineux\r\n', 2, 1, 2, NULL, NULL, '', 3, '2018-03-31 17:31:20', '2018-03-13 14:45:49'),
('5abfc5e8c44dc', 'Inocybe maculata \r\n', 'Inocybe maculé\r\n', 2, 1, 11, NULL, NULL, '', 3, '2018-03-31 17:31:20', '2018-03-13 14:45:49'),
('5abfc5e8d08c5', 'Agaricus urinascens \r\n', 'Agaric géant des prés\r\n', 7, 1, 13, NULL, NULL, '', 3, '2018-03-31 17:31:20', '2018-03-13 14:45:43'),
('5abfc5e8d6bae', 'Agaricus sylvicola \r\n', 'Agaric anisé des bois\r\n', 7, 1, 17, NULL, NULL, '', 3, '2018-03-31 17:31:20', '2018-03-13 14:45:44'),
('5abfc5e8ed246', 'Inocybe napipes \r\n', 'Inocybe à pied en navet\r\n', 2, 1, 2, NULL, NULL, '', 3, '2018-03-31 17:31:20', '2018-03-13 14:45:49'),
('5abfc5e8f344d', 'Inocybe whitei \r\n', 'Inocybe pudique\r\n', 2, 1, 2, NULL, NULL, '', 3, '2018-03-31 17:31:20', '2018-03-13 14:45:49'),
('5abfc5e90542f', 'Inocybe rimosa \r\n', 'Inocybe fastigié\r\n', 2, 1, 11, NULL, NULL, '', 3, '2018-03-31 17:31:21', '2018-03-13 14:45:49'),
('5abfc5e90b69d', 'Inocybe terrigena \r\n', 'Inocybe annelé\r\n', 2, 1, 2, NULL, NULL, '', 3, '2018-03-31 17:31:21', '2018-03-13 14:45:49'),
('5abfc5e91185b', 'Inocybe hypophaea \r\n', 'Inocybe brun ochracé\r\n', 2, 1, 2, NULL, NULL, '', 3, '2018-03-31 17:31:21', '2018-03-13 14:45:49'),
('5abfc5e917b0b', 'Pseudoinonotus dryadeus \r\n', 'Polypore larmoyant\r\n', 5, 1, 8, NULL, NULL, '', 3, '2018-03-31 17:31:21', '2018-03-13 14:45:49'),
('5abfc5e92a1a7', 'Inonotus hispidus \r\n', 'Polypore hérissé\r\n', 5, 1, 11, NULL, NULL, '', 3, '2018-03-31 17:31:21', '2018-03-13 14:45:50'),
('5abfc5e9364dd', 'Xanthoporia radiata \r\n', 'Polypore de l aulne\r\n', 5, 5, 15, 'Surtout sous aulnes. \r\n', NULL, '', 3, '2018-03-31 17:31:21', '2018-03-13 14:45:50'),
('5abfc5e93c67b', 'Ischnoderma benzoinum \r\n', 'Polypore balsamique\r\n', 5, 1, 2, NULL, NULL, '', 3, '2018-03-31 17:31:21', '2018-03-13 14:45:50'),
('5abfc5e942937', 'Kuehneromyces mutabilis \r\n', 'Pholiote changeante\r\n', 4, 1, 11, NULL, NULL, '', 3, '2018-03-31 17:31:21', '2018-03-13 14:45:50'),
('5abfc5e950dd4', 'Agaricus benesii \r\n', 'Agaric blanc sanguinolent\r\n', 4, 1, 2, NULL, NULL, '', 3, '2018-03-31 17:31:21', '2018-03-13 14:45:44'),
('5abfc5e956fe9', 'Laccaria amethystina \r\n', 'Laccaire améthyste\r\n', 4, 1, 17, NULL, NULL, '', 3, '2018-03-31 17:31:21', '2018-03-13 14:45:50'),
('5abfc5e95d1fb', 'Laccaria bicolor \r\n', 'Laccaire bicolore\r\n', 4, 1, 17, NULL, NULL, '', 3, '2018-03-31 17:31:21', '2018-03-13 14:45:50'),
('5abfc5e963403', 'Laccaria laccata \r\n', 'Laccaire laqué\r\n', 4, 1, 17, NULL, NULL, '', 3, '2018-03-31 17:31:21', '2018-03-13 14:45:50'),
('5abfc5e969664', 'Laccaria proxima \r\n', 'Laccaire très proche du Laccaire  laqué\r\n', 4, 1, 9, NULL, NULL, '', 3, '2018-03-31 17:31:21', '2018-03-13 14:45:50'),
('5abfc5e96f829', 'Laccaria tortilis \r\n', 'Laccaire tortillé\r\n', 5, 1, 11, NULL, NULL, '', 3, '2018-03-31 17:31:21', '2018-03-13 14:45:50'),
('5abfc5e975aa2', 'Lactarius acerrimus \r\n', 'Lactaire à lames interveinées\r\n', 5, 1, 11, NULL, NULL, '', 3, '2018-03-31 17:31:21', '2018-03-13 14:45:50'),
('5abfc5e97bcb9', 'Lactarius acris \r\n', 'Lactaire âcre\r\n', 5, 1, 16, NULL, NULL, '', 3, '2018-03-31 17:31:21', '2018-03-13 14:45:50'),
('5abfc5e981eea', 'Lactarius albocarneus \r\n', 'Lactaire glutineux\r\n', 5, 1, 2, NULL, NULL, '', 3, '2018-03-31 17:31:21', '2018-03-13 14:45:50'),
('5abfc5e98810d', 'Lactarius aurantiacus \r\n', 'Lactaire orangé\r\n', 5, 1, 2, NULL, NULL, '', 3, '2018-03-31 17:31:21', '2018-03-13 14:45:50'),
('5abfc5e98e333', 'Ramaria flava \r\n', 'Ramaire jaune\r\n', 4, 1, 11, NULL, NULL, '', 3, '2018-03-31 17:31:21', '2018-03-13 14:45:50'),
('5abfc5e99456a', 'Agaricus subperonatus \r\n', 'Agaric guêtré\r\n', 4, 3, 15, 'Sur sols fumés\r\n', NULL, '', 3, '2018-03-31 17:31:21', '2018-03-13 14:45:44'),
('5abfc5e99c84a', 'Lactarius azonites \r\n', 'Lactaire à pied blanc\r\n', 5, 1, 11, NULL, NULL, '', 3, '2018-03-31 17:31:21', '2018-03-13 14:45:50'),
('5abfc5e9a2a54', 'Lactarius badiosanguineus \r\n', 'Lactaire rouge sombre\r\n', 5, 1, 2, NULL, NULL, '', 3, '2018-03-31 17:31:21', '2018-03-13 14:45:50'),
('5abfc5e9a8c89', 'Lactarius blennius \r\n', 'Lactaire muqueux\r\n', 2, 1, 16, NULL, NULL, '', 3, '2018-03-31 17:31:21', '2018-03-13 14:45:50'),
('5abfc5e9b0fb0', 'Lactarius blennius var. viridis \r\n', 'Lactaire muqueux, variété verte\r\n', 2, 1, 16, NULL, NULL, '', 3, '2018-03-31 17:31:21', '2018-03-13 14:45:50'),
('5abfc5e9b92b7', 'Lactarius camphoratus \r\n', 'Lactaire à odeur de chicorée\r\n', 5, 1, 17, NULL, NULL, '', 3, '2018-03-31 17:31:21', '2018-03-13 14:45:50'),
('5abfc5e9c147e', 'Lactarius chrysorrheus \r\n', 'Lactaire à lait jaunissant\r\n', 2, 1, 11, NULL, NULL, '', 3, '2018-03-31 17:31:21', '2018-03-13 14:45:50'),
('5abfc5e9c9760', 'Lactarius circellatus \r\n', 'Lactaire cerclé\r\n', 5, 1, 11, NULL, NULL, '', 3, '2018-03-31 17:31:21', '2018-03-13 14:45:50'),
('5abfc5e9d1b0c', 'Lactarius controversus \r\n', 'Lactaire des peupliers\r\n', 5, 1, 3, NULL, NULL, '', 3, '2018-03-31 17:31:21', '2018-03-13 14:45:50'),
('5abfc5e9d9dcf', 'Lactarius cremor \r\n', 'Lactaire cannelé\r\n', 5, 1, 16, NULL, NULL, '', 3, '2018-03-31 17:31:21', '2018-03-13 14:45:50'),
('5abfc5e9e8164', 'Lactarius decipiens \r\n', 'Lactaire trompeur\r\n', 5, 1, 11, NULL, NULL, '', 3, '2018-03-31 17:31:21', '2018-03-13 14:45:50'),
('5abfc5ea030e7', 'Agaricus xanthodermus \r\n', 'Agaric jaunissant\r\n', 2, 1, 11, NULL, NULL, '', 3, '2018-03-31 17:31:22', '2018-03-13 14:45:44'),
('5abfc5ea0c76e', 'Lactarius deliciosus \r\n', 'Lactaire délicieux\r\n', 4, 1, 6, NULL, NULL, '', 3, '2018-03-31 17:31:22', '2018-03-13 14:45:50'),
('5abfc5ea129b0', 'Lactarius deterrimus \r\n', 'Lactaire des épicéas\r\n', 4, 1, 4, NULL, NULL, '', 3, '2018-03-31 17:31:22', '2018-03-13 14:45:50'),
('5abfc5ea18bd9', 'Lactarius evosmus \r\n', 'Lactaire à odeur de pomme\r\n', 5, 1, 11, NULL, NULL, '', 3, '2018-03-31 17:31:22', '2018-03-13 14:45:50'),
('5abfc5ea1edc2', 'Lactarius flavidus \r\n', 'Lactaire jaunâtre\r\n', 5, 1, 11, NULL, NULL, '', 3, '2018-03-31 17:31:22', '2018-03-13 14:45:50'),
('5abfc5ea25010', 'Lactarius fluens \r\n', 'Lactaire pisse-lait\r\n', 5, 1, 16, NULL, NULL, '', 3, '2018-03-31 17:31:22', '2018-03-13 14:45:50'),
('5abfc5ea2b206', 'Lactarius fuliginosus \r\n', 'Lactaire fuligineux\r\n', 5, 1, 11, NULL, NULL, '', 3, '2018-03-31 17:31:22', '2018-03-13 14:45:50'),
('5abfc5ea3f8fa', 'Lactarius fulvissimus \r\n', 'Lactaire fauve\r\n', 5, 1, 11, NULL, NULL, '', 3, '2018-03-31 17:31:22', '2018-03-13 14:45:50'),
('5abfc5ea45b18', 'Lactarius glyciosmus \r\n', 'Lactaire à odeur de noix de  coco\r\n', 5, 1, 5, NULL, NULL, '', 3, '2018-03-31 17:31:22', '2018-03-13 14:45:50'),
('5abfc5ea4bdc2', 'Lactarius helvus \r\n', 'Lactaire à odeur de céleri\r\n', 2, 1, 2, NULL, NULL, '', 3, '2018-03-31 17:31:22', '2018-03-13 14:45:50'),
('5abfc5ea51f89', 'Lactarius hepaticus \r\n', 'Lactaire hépatique\r\n', 5, 1, 6, NULL, NULL, '', 3, '2018-03-31 17:31:22', '2018-03-13 14:45:50'),
('5abfc5ea5826c', 'Agrocybe erebia \r\n', 'Agrocybe ténébreuse\r\n', 5, 1, 11, NULL, NULL, '', 3, '2018-03-31 17:31:22', '2018-03-13 14:45:44'),
('5abfc5ea5e368', 'Lactarius hysginus \r\n', 'Lactaire cireux\r\n', 5, 1, 2, NULL, NULL, '', 3, '2018-03-31 17:31:22', '2018-03-13 14:45:50'),
('5abfc5ea64642', 'Lactarius lacunarum \r\n', 'Lactaire des bourbiers\r\n', 5, 4, 15, 'Lieux humides. \r\n', NULL, '', 3, '2018-03-31 17:31:22', '2018-03-13 14:45:50'),
('5abfc5ea6a837', 'Lactarius lignyotus \r\n', 'Lactaire velours\r\n', 4, 1, 2, NULL, NULL, '', 3, '2018-03-31 17:31:22', '2018-03-13 14:45:50'),
('5abfc5ea70f03', 'Lactarius mammosus \r\n', 'Lactaire mamelonné\r\n', 5, 1, 2, NULL, NULL, '', 3, '2018-03-31 17:31:22', '2018-03-13 14:45:50'),
('5abfc5ea77135', 'Lactarius pallidus \r\n', 'Lactaire pâle\r\n', 5, 1, 16, NULL, NULL, '', 3, '2018-03-31 17:31:22', '2018-03-13 14:45:50'),
('5abfc5ea7d384', 'Lactarius pergamenus \r\n', 'Lactaire parcheminé\r\n', 5, 1, 11, NULL, NULL, '', 3, '2018-03-31 17:31:22', '2018-03-13 14:45:51'),
('5abfc5ea83593', 'Lactarius picinus \r\n', 'Lactaire enfumé\r\n', 5, 1, 2, NULL, NULL, '', 3, '2018-03-31 17:31:22', '2018-03-13 14:45:51'),
('5abfc5ea897b9', 'Lactarius piperatus \r\n', 'Lactaire poivré\r\n', 2, 1, 11, NULL, NULL, '', 3, '2018-03-31 17:31:22', '2018-03-13 14:45:51'),
('5abfc5ea8f9d6', 'Psathyrella piluliformis \r\n', 'Psathyrelle hydrophile\r\n', 4, 1, 11, NULL, NULL, '', 3, '2018-03-31 17:31:22', '2018-03-13 14:45:51'),
('5abfc5ea95bfd', 'Lactarius pterosporus \r\n', 'Lactaire ridulé\r\n', 5, 4, 15, 'Surtout sous charmes et noisetiers. \r\n', NULL, '', 3, '2018-03-31 17:31:22', '2018-03-13 14:45:51'),
('5abfc5ea9bdc8', 'Agrocybe praecox \r\n', 'Agrocybe précoce\r\n', 5, 1, 11, NULL, NULL, '', 3, '2018-03-31 17:31:22', '2018-03-13 14:45:44'),
('5abfc5eaa2084', 'Lactarius pubescens \r\n', 'Lactaire pubescent\r\n', 2, 1, 5, NULL, NULL, '', 3, '2018-03-31 17:31:22', '2018-03-13 14:45:51'),
('5abfc5eaa82fc', 'Lactarius pyrogalus \r\n', 'Lactaire à lait brûlant\r\n', 2, 4, 15, 'Surtout sous noisetiers. \r\n', NULL, '', 3, '2018-03-31 17:31:22', '2018-03-13 14:45:51'),
('5abfc5eaae492', 'Lactarius quieticolor \r\n', 'Lactaire orangé gris\r\n', 4, 1, 6, NULL, NULL, '', 3, '2018-03-31 17:31:22', '2018-03-13 14:45:51'),
('5abfc5eab46e7', 'Lactarius quietus \r\n', 'Lactaire à odeur de punaise\r\n', 5, 1, 8, NULL, NULL, '', 3, '2018-03-31 17:31:22', '2018-03-13 14:45:51'),
('5abfc5eaba8f3', 'Lactarius romagnesii \r\n', 'Lactaire très sombre\r\n', 5, 1, 11, NULL, NULL, '', 3, '2018-03-31 17:31:22', '2018-03-13 14:45:51'),
('5abfc5eac0b2b', 'Lactarius rufus \r\n', 'Lactaire roux\r\n', 2, 1, 2, NULL, NULL, '', 3, '2018-03-31 17:31:22', '2018-03-13 14:45:51'),
('5abfc5eac6d82', 'Lactarius ruginosus \r\n', 'Lactaire festonné\r\n', 5, 1, 16, NULL, NULL, '', 3, '2018-03-31 17:31:22', '2018-03-13 14:45:51'),
('5abfc5eaccfaa', 'Lactarius salmonicolor \r\n', 'Lactaire saumon\r\n', 4, 1, 6, NULL, NULL, '', 3, '2018-03-31 17:31:22', '2018-03-13 14:45:51'),
('5abfc5ead31df', 'Lactarius sanguifluus \r\n', 'Lactaire sanguin\r\n', 4, 1, 6, NULL, NULL, '', 3, '2018-03-31 17:31:22', '2018-03-13 14:45:51'),
('5abfc5ead93e7', 'Lactarius scrobiculatus \r\n', 'Lactaire à fossettes\r\n', 2, 1, 4, NULL, NULL, '', 3, '2018-03-31 17:31:22', '2018-03-13 14:45:51'),
('5abfc5eadf611', 'Aleuria aurantia \r\n', 'Pezize orangée\r\n', 4, 3, 15, 'Surtout sur sol sableux. \r\n', NULL, '', 3, '2018-03-31 17:31:22', '2018-03-13 14:45:44'),
('5abfc5eae5805', 'Lactarius semisanguifluus \r\n', 'Lactaire semi-sanguin\r\n', 4, 1, 6, NULL, NULL, '', 3, '2018-03-31 17:31:22', '2018-03-13 14:45:51'),
('5abfc5eaebac7', 'Lactarius serifluus \r\n', 'Lactaire petit lait \r\n', 5, 1, 11, NULL, NULL, '', 3, '2018-03-31 17:31:22', '2018-03-13 14:45:51'),
('5abfc5eaf4191', 'Lactarius subdulcis \r\n', 'Lactaire caoutchouc \r\n', 5, 1, 16, NULL, NULL, '', 3, '2018-03-31 17:31:22', '2018-03-13 14:45:51'),
('5abfc5eb0bf7d', 'Lactarius turpis \r\n', 'Lactaire plombé \r\n', 2, 1, 2, NULL, NULL, '', 3, '2018-03-31 17:31:23', '2018-03-13 14:45:51'),
('5abfc5eb1638e', 'Lactarius subumbonatus \r\n', 'Lactaire chagriné \r\n', 5, 1, 11, NULL, NULL, '', 3, '2018-03-31 17:31:23', '2018-03-13 14:45:51'),
('5abfc5eb1c4ca', 'Lactarius tabidus \r\n', 'Lactaire chiffonné \r\n', 5, 1, 17, NULL, NULL, '', 3, '2018-03-31 17:31:23', '2018-03-13 14:45:51'),
('5abfc5eb2270a', 'Lactarius torminosus \r\n', 'Lactaire à toison \r\n', 2, 1, 5, NULL, NULL, '', 3, '2018-03-31 17:31:23', '2018-03-13 14:45:51'),
('5abfc5eb28962', 'Lactarius trivialis \r\n', 'Lactaire trivial \r\n', 2, 1, 2, NULL, NULL, '', 3, '2018-03-31 17:31:23', '2018-03-13 14:45:51'),
('5abfc5eb2eb24', 'Lactarius uvidus \r\n', 'Lactaire humide \r\n', 2, 1, 17, NULL, NULL, '', 3, '2018-03-31 17:31:23', '2018-03-13 14:45:51'),
('5abfc5eb34d75', 'Lactarius vellereus \r\n', 'Lactaire velouté \r\n', 2, 1, 8, NULL, NULL, '', 3, '2018-03-31 17:31:23', '2018-03-13 14:45:51'),
('5abfc5eb49452', 'Amanita excelsa \r\n', 'Amanite élevée\r\n', 6, 1, 17, NULL, NULL, '', 3, '2018-03-31 17:31:23', '2018-03-13 14:45:44'),
('5abfc5eb4f648', 'Lactarius vietus \r\n', 'Lactaire fané \r\n', 5, 1, 5, NULL, NULL, '', 3, '2018-03-31 17:31:23', '2018-03-13 14:45:51'),
('5abfc5eb585cd', 'Lactarius vellereus var. hometii \r\n', 'Lactaire velouté à lait rosissant\r\n', 2, 1, 8, NULL, NULL, '', 3, '2018-03-31 17:31:23', '2018-03-13 14:45:51'),
('5abfc5eb5fbec', 'Lactarius violascens \r\n', 'Lactaire violascent \r\n', 5, 1, 11, NULL, NULL, '', 3, '2018-03-31 17:31:23', '2018-03-13 14:45:51'),
('5abfc5eb65e14', 'Lactarius volemus \r\n', 'Lactaire à lait abondant \r\n', 4, 1, 2, NULL, NULL, '', 3, '2018-03-31 17:31:23', '2018-03-13 14:45:51'),
('5abfc5eb6e0b9', 'Lactarius zonarius \r\n', 'Lactaire zoné \r\n', 2, 1, 17, NULL, NULL, '', 3, '2018-03-31 17:31:23', '2018-03-13 14:45:51'),
('5abfc5eb76371', 'Laetiporus sulphureus \r\n', 'Polypore soufré \r\n', 5, 1, 11, NULL, NULL, '', 3, '2018-03-31 17:31:23', '2018-03-13 14:45:51'),
('5abfc5eb7e661', 'Leccinum albostipitatum \r\n', 'Bolet orangé à pied blanc \r\n', 4, 1, 3, NULL, NULL, '', 3, '2018-03-31 17:31:23', '2018-03-13 14:45:51'),
('5abfc5eb8690b', 'Leccinum aurantiacum \r\n', 'Bolet orangé des chênes \r\n', 4, 1, 11, NULL, NULL, '', 3, '2018-03-31 17:31:23', '2018-03-13 14:45:51'),
('5abfc5eb8ebc1', 'Leccinum crocipodium \r\n', 'Bolet craquelé \r\n', 4, 1, 8, NULL, NULL, '', 3, '2018-03-31 17:31:23', '2018-03-13 14:45:51'),
('5abfc5eb96e91', 'Leccinum cyaneobasileucum \r\n', 'Bolet rude à base bleue \r\n', 4, 1, 5, NULL, NULL, '', 3, '2018-03-31 17:31:23', '2018-03-13 14:45:51'),
('5abfc5eb9f101', 'Amanita battarrae \r\n', 'Amanite à cocarde\r\n', 6, 1, 17, NULL, NULL, '', 3, '2018-03-31 17:31:23', '2018-03-13 14:45:44'),
('5abfc5eba7401', 'Leccinum duriusculum \r\n', 'Bolet rude des trembles \r\n', 4, 1, 3, NULL, NULL, '', 3, '2018-03-31 17:31:23', '2018-03-13 14:45:51'),
('5abfc5ebaf6c0', 'Leccinum holopus \r\n', 'Bolet blanc des marais \r\n', 4, 1, 5, NULL, NULL, '', 3, '2018-03-31 17:31:23', '2018-03-13 14:45:51'),
('5abfc5ebb5873', 'Leccinum melaneum \r\n', 'Bolet rude noirâtre \r\n', 4, 1, 5, NULL, NULL, '', 3, '2018-03-31 17:31:23', '2018-03-13 14:45:51'),
('5abfc5ebbbb16', 'Boletus piceinus \r\n', 'Bolet rude des épicéas \r\n', 4, 1, 4, NULL, NULL, '', 3, '2018-03-31 17:31:23', '2018-03-13 14:45:52'),
('5abfc5ebc1d0d', 'Leccinum pseudoscabrum \r\n', 'Bolet rude des charmes \r\n', 4, 4, 15, 'Surtout sous charmes. \r\n', NULL, '', 3, '2018-03-31 17:31:23', '2018-03-13 14:45:52'),
('5abfc5ebc7f86', 'Leccinum scabrum \r\n', 'Bolet rude \r\n', 4, 1, 5, NULL, NULL, '', 3, '2018-03-31 17:31:23', '2018-03-13 14:45:52'),
('5abfc5ebd0156', 'Leccinum variicolor \r\n', 'Bolet ramoneur \r\n', 4, 1, 5, NULL, NULL, '', 3, '2018-03-31 17:31:23', '2018-03-13 14:45:52'),
('5abfc5ebd84a0', 'Leccinum versipelle \r\n', 'Bolet à revêtement changeant \r\n', 4, 1, 5, NULL, NULL, '', 3, '2018-03-31 17:31:23', '2018-03-13 14:45:52'),
('5abfc5ebde738', 'Lentinellus cochleatus \r\n', 'Lentin en colimaçon \r\n', 4, 1, 11, NULL, NULL, '', 3, '2018-03-31 17:31:23', '2018-03-13 14:45:52'),
('5abfc5ebe49a3', 'Lentinellus cochleatus var. inolens \r\n', 'Lentin en colimaçon, variété inodore\r\n', 4, 1, 11, NULL, NULL, '', 3, '2018-03-31 17:31:23', '2018-03-13 14:45:52'),
('5abfc5ebeab79', 'Amanita crocea \r\n', 'Amanite safran\r\n', 6, 1, 17, NULL, NULL, '', 3, '2018-03-31 17:31:23', '2018-03-13 14:45:44'),
('5abfc5ebf0d4b', 'Lentinellus micheneri \r\n', 'Lentin en forme d’omphale \r\n', 5, 1, 11, NULL, NULL, '', 3, '2018-03-31 17:31:23', '2018-03-13 14:45:52'),
('5abfc5ec02d68', 'Lentinus tigrinus \r\n', 'Lentin tigré \r\n', 4, 1, 3, NULL, NULL, '', 3, '2018-03-31 17:31:24', '2018-03-13 14:45:52'),
('5abfc5ec0a2e8', 'Panus conchatus \r\n', 'Lentin en forme de coquillage \r\n', 5, 1, 11, NULL, NULL, '', 3, '2018-03-31 17:31:24', '2018-03-13 14:45:52'),
('5abfc5ec18268', 'Lenzites betulina \r\n', 'Lenzite du bouleau \r\n', 5, 1, 11, NULL, NULL, '', 3, '2018-03-31 17:31:24', '2018-03-13 14:45:52'),
('5abfc5ec217e9', 'Leotia lubrica \r\n', 'Léotie visqueuse \r\n', 2, 3, 15, 'Endroits humides. \r\n', NULL, '', 3, '2018-03-31 17:31:24', '2018-03-13 14:45:52'),
('5abfc5ec279ff', 'Lepiota brunneoincarnata \r\n', 'Lépiote brun-rose \r\n', 1, 1, 11, NULL, NULL, '', 3, '2018-03-31 17:31:24', '2018-03-13 14:45:52'),
('5abfc5ec2dc55', 'Lepiota castanea \r\n', 'Lépiote châtain \r\n', 1, 1, 11, NULL, NULL, '', 3, '2018-03-31 17:31:24', '2018-03-13 14:45:52'),
('5abfc5ec34040', 'Lepiota clypeolaria \r\n', 'Lépiote en bouclier \r\n', 2, 1, 11, NULL, NULL, '', 3, '2018-03-31 17:31:24', '2018-03-13 14:45:52'),
('5abfc5ec40731', 'Lepiota cristata \r\n', 'Lépiote à crêtes\r\n', 2, 1, 17, NULL, NULL, '', 3, '2018-03-31 17:31:24', '2018-03-13 14:45:52'),
('5abfc5ec4ec02', 'Lepiota felina \r\n', 'Lépiote féline \r\n', 2, 1, 2, NULL, NULL, '', 3, '2018-03-31 17:31:24', '2018-03-13 14:45:52'),
('5abfc5ec58f70', 'Agaricus arvensis \r\n', 'Agaric des jachères, Boule-de-neige\r\n', 7, 3, 15, 'Pâturages, lieux clairs\r\n', NULL, '', 3, '2018-03-31 17:31:24', '2018-03-13 14:45:43'),
('5abfc5ec5f18a', 'Amanita echinocephala \r\n', 'Amanite épineuse\r\n', 2, 1, 6, NULL, NULL, '', 3, '2018-03-31 17:31:24', '2018-03-13 14:45:44'),
('5abfc5ec6542f', 'Lepiota ignivolvata \r\n', 'Lépiote à base rouge \r\n', 2, 1, 17, NULL, NULL, '', 3, '2018-03-31 17:31:24', '2018-03-13 14:45:52'),
('5abfc5ec6b62d', 'Lepiota subincarnata \r\n', 'Lépiote de Josserand \r\n', 1, 1, 17, NULL, NULL, '', 3, '2018-03-31 17:31:24', '2018-03-13 14:45:52'),
('5abfc5ec71842', 'Lepiota magnispora \r\n', 'Lépiote à voile jaune \r\n', 5, 1, 17, NULL, NULL, '', 3, '2018-03-31 17:31:24', '2018-03-13 14:45:52'),
('5abfc5ec77a54', 'Lepista flaccida \r\n', 'Clitocybe flasque \r\n', 7, 1, 11, NULL, NULL, '', 3, '2018-03-31 17:31:24', '2018-03-13 14:45:52'),
('5abfc5ec7dc77', 'Rhodocollybia maculata \r\n', 'Collybie maculée \r\n', 5, 1, 2, NULL, NULL, '', 3, '2018-03-31 17:31:24', '2018-03-13 14:45:52'),
('5abfc5ec83ea0', 'Lepista glaucocana \r\n', 'Tricholome gris glauque \r\n', 4, 1, 17, NULL, NULL, '', 3, '2018-03-31 17:31:24', '2018-03-13 14:45:52'),
('5abfc5ec8a0de', 'Psathyrella multipedata\r\n', 'Psathyrelle à pieds multiples \r\n', 5, 1, 11, NULL, NULL, '', 3, '2018-03-31 17:31:24', '2018-03-13 14:45:52'),
('5abfc5ec90316', 'Lepista irina \r\n', 'Tricholome à odeur d’iris \r\n', 7, 1, 13, NULL, NULL, '', 3, '2018-03-31 17:31:24', '2018-03-13 14:45:52'),
('5abfc5ec9652d', 'Lepista nuda \r\n', 'Pied-bleu\r\n', 6, 1, 17, NULL, NULL, '', 3, '2018-03-31 17:31:24', '2018-03-13 14:45:52'),
('5abfc5ec9c802', 'Lepista panaeolus \r\n', 'Argouane des prés \r\n', 4, 1, 14, NULL, NULL, '', 3, '2018-03-31 17:31:24', '2018-03-13 14:45:52'),
('5abfc5eca2965', 'Amanita francheti \r\n', 'Amanite à voile jaune\r\n', 6, 1, 11, NULL, NULL, '', 3, '2018-03-31 17:31:24', '2018-03-13 14:45:44'),
('5abfc5eca8bc4', 'Lepista personata \r\n', 'Pied-violet \r\n', 6, 1, 13, NULL, NULL, '', 3, '2018-03-31 17:31:24', '2018-03-13 14:45:52'),
('5abfc5ecaedf3', 'Lepista sordida \r\n', 'Petit pied-bleu  \r\n', 4, 1, 13, NULL, NULL, '', 3, '2018-03-31 17:31:24', '2018-03-13 14:45:52'),
('5abfc5ecb5028', 'Leucocoprinus badhamii \r\n', 'Lépiote de Badham \r\n', 2, 1, 11, NULL, NULL, '', 3, '2018-03-31 17:31:24', '2018-03-13 14:45:52'),
('5abfc5ecbb245', 'Leucoagaricus leucothites \r\n', 'Lépiote pudique \r\n', 4, 1, 14, NULL, NULL, '', 3, '2018-03-31 17:31:24', '2018-03-13 14:45:52'),
('5abfc5ecc146e', 'Leucocoprinus cretaceus \r\n', 'Lépiote blanc de craie \r\n', 1, 3, 15, 'Sur terre fumée. \r\n', NULL, '', 3, '2018-03-31 17:31:24', '2018-03-13 14:45:52'),
('5abfc5ecc76c5', 'Leucocoprinus birnbaumii \r\n', 'Lépiote jaune \r\n', 2, 3, 15, 'Sur terreau. \r\n', NULL, '', 3, '2018-03-31 17:31:24', '2018-03-13 14:45:52'),
('5abfc5eccd8d0', 'Leucocortinarius bulbiger \r\n', 'Faux cortinaire bulbeux \r\n', 4, 1, 2, NULL, NULL, '', 3, '2018-03-31 17:31:24', '2018-03-13 14:45:52'),
('5abfc5ecd3ad5', 'Leucopaxillus giganteus \r\n', 'Leucopaxille géant \r\n', 2, 1, 14, NULL, NULL, '', 3, '2018-03-31 17:31:24', '2018-03-13 14:45:52'),
('5abfc5ecd9d28', 'Limacella guttata \r\n', 'Limacelle tachée \r\n', 4, 1, 2, NULL, NULL, '', 3, '2018-03-31 17:31:24', '2018-03-13 14:45:52'),
('5abfc5ecdfef2', 'Lycoperdon echinatum \r\n', 'Vesse-de-loup hérisson \r\n', 7, 1, 11, NULL, NULL, '', 3, '2018-03-31 17:31:24', '2018-03-13 14:45:52'),
('5abfc5ece6172', 'Amanita fulva \r\n', 'Amanite fauve\r\n', 6, 1, 17, NULL, NULL, '', 3, '2018-03-31 17:31:24', '2018-03-13 14:45:44'),
('5abfc5ecec352', 'Lycoperdon mammiforme \r\n', 'Vesse-de-loup voilée \r\n', 4, 1, 11, NULL, NULL, '', 3, '2018-03-31 17:31:24', '2018-03-13 14:45:52'),
('5abfc5ecf25af', 'Lycoperdon perlatum \r\n', 'Vesse-de-loup perlée \r\n', 7, 1, 17, NULL, NULL, '', 3, '2018-03-31 17:31:24', '2018-03-13 14:45:52'),
('5abfc5ed04584', 'Lycoperdon pyriforme \r\n', 'Vesse-de-loup en forme de poire\r\n', 7, 3, 15, 'Sur bois pourri. \r\n', NULL, '', 3, '2018-03-31 17:31:25', '2018-03-13 14:45:52'),
('5abfc5ed0a7ba', 'Lycoperdon umbrinum \r\n', 'Vesse-de-loup brun d’ombre \r\n', 5, 1, 2, NULL, NULL, '', 3, '2018-03-31 17:31:25', '2018-03-13 14:45:53'),
('5abfc5ed109f7', 'Lyophyllum connatum \r\n', 'Clitocybe en touffes \r\n', 2, 1, 17, NULL, NULL, '', 3, '2018-03-31 17:31:25', '2018-03-13 14:45:53'),
('5abfc5ed18cd8', 'Lyophyllum decastes \r\n', 'Tricholome en touffes \r\n', 4, 1, 11, NULL, NULL, '', 3, '2018-03-31 17:31:25', '2018-03-13 14:45:53'),
('5abfc5ed26f96', 'Lyophyllum fumosum \r\n', 'Tricholome enfumé \r\n', 4, 1, 17, NULL, NULL, '', 3, '2018-03-31 17:31:25', '2018-03-13 14:45:53'),
('5abfc5ed3152f', 'Macrocystidia cucumis \r\n', 'Fausse collybie à odeur de concombre \r\n', 5, 1, 17, NULL, NULL, '', 3, '2018-03-31 17:31:25', '2018-03-13 14:45:53'),
('5abfc5ed397b6', 'Macrolepiota excoriata \r\n', 'Lépiote excoriée \r\n', 4, 1, 13, NULL, NULL, '', 3, '2018-03-31 17:31:25', '2018-03-13 14:45:53'),
('5abfc5ed41ab0', 'Macrolepiota fuliginosa \r\n', 'Lépiote gris fumé \r\n', 4, 1, 13, NULL, NULL, '', 3, '2018-03-31 17:31:25', '2018-03-13 14:45:53'),
('5abfc5ed49d57', 'Amanita gemmata \r\n', 'Amanite jonquille\r\n', 2, 1, 17, NULL, NULL, '', 3, '2018-03-31 17:31:25', '2018-03-13 14:45:44'),
('5abfc5ed645d3', 'Macrolepiota mastoidea \r\n', 'Lépiote mamelonnée \r\n', 4, 1, 11, NULL, NULL, '', 3, '2018-03-31 17:31:25', '2018-03-13 14:45:53'),
('5abfc5ed6a8c9', 'Macrolepiota procera \r\n', 'Coulemelle, Lépiote élevée\r\n', 6, 1, 13, NULL, NULL, '', 3, '2018-03-31 17:31:25', '2018-03-13 14:45:53'),
('5abfc5ed709f9', 'Chlorophyllum rachodes \r\n', 'Lépiote déguenillée \r\n', 6, 1, 2, NULL, NULL, '', 3, '2018-03-31 17:31:25', '2018-03-13 14:45:53'),
('5abfc5ed76d28', 'Chlorophyllum brunneum \r\n', 'Lépiote déguenillée, variété dite de  Bohême \r\n', 2, 1, 11, NULL, NULL, '', 3, '2018-03-31 17:31:25', '2018-03-13 14:45:53'),
('5abfc5ed7ce39', 'Psathyrella maculata \r\n', 'Psathyrelle tachée \r\n', 5, 3, 15, 'Sur les souches. \r\n', NULL, '', 3, '2018-03-31 17:31:25', '2018-03-13 14:45:53'),
('5abfc5ed830fd', 'Pluteus phlebophorus \r\n', 'Plutée veiné \r\n', 5, 1, 11, NULL, NULL, '', 3, '2018-03-31 17:31:25', '2018-03-13 14:45:53'),
('5abfc5ed8933f', 'Typhula filiformis \r\n', 'Clavaire filiforme \r\n', 5, 3, 15, 'En colonies sur feuilles mortes. \r\n', NULL, '', 3, '2018-03-31 17:31:25', '2018-03-13 14:45:53'),
('5abfc5ed8f4eb', 'Gymnopus foetidus \r\n', 'Marasme fétide \r\n', 5, 1, 11, NULL, NULL, '', 3, '2018-03-31 17:31:25', '2018-03-13 14:45:53'),
('5abfc5ed95722', 'Gymnopus perforans \r\n', 'Marasme perforant \r\n', 5, 1, 2, NULL, NULL, '', 3, '2018-03-31 17:31:25', '2018-03-13 14:45:53'),
('5abfc5eda0f8d', 'Marasmiellus ramealis \r\n', 'Marasme des ramilles \r\n', 5, 3, 15, 'Sur rameaux de feuilles et brindilles. \r\n', NULL, '', 3, '2018-03-31 17:31:25', '2018-03-13 14:45:53'),
('5abfc5eda7cf6', 'Amanita lividopallescens \r\n', 'Amanite livide\r\n', 2, 4, 15, 'Bois, lieux clairs. \r\n', NULL, '', 3, '2018-03-31 17:31:25', '2018-03-13 14:45:44'),
('5abfc5edae10e', 'Mycetinis alliaceus \r\n', 'Marasme à odeur d’ail \r\n', 5, 1, 16, NULL, NULL, '', 3, '2018-03-31 17:31:25', '2018-03-13 14:45:53'),
('5abfc5edb4290', 'Agaricus cappellianus \r\n', 'Agaric des bords de route \r\n', 2, 1, 11, NULL, NULL, '', 3, '2018-03-31 17:31:25', '2018-03-13 14:45:53'),
('5abfc5edba35e', 'Marasmius cohaerens \r\n', 'Marasme à pied corné \r\n', 5, 1, 11, NULL, NULL, '', 3, '2018-03-31 17:31:25', '2018-03-13 14:45:53'),
('5abfc5edc0671', 'Mycena epipterygia var. viscosa \r\n', 'Mycène visqueuse \r\n', 5, 1, 2, NULL, NULL, '', 3, '2018-03-31 17:31:25', '2018-03-13 14:45:53'),
('5abfc5edc67b3', 'Marasmius epiphyllus \r\n', 'Marasme des feuilles \r\n', 5, 3, 15, 'Surtout sur nervures et pétioles de feuilles. \r\n', NULL, '', 3, '2018-03-31 17:31:25', '2018-03-13 14:45:53'),
('5abfc5edcca1d', 'Marasmius oreades \r\n', 'Marasme des Oréades \r\n', 4, 1, 14, NULL, NULL, '', 3, '2018-03-31 17:31:25', '2018-03-13 14:45:53'),
('5abfc5edd2c67', 'Marasmius rotula \r\n', 'Marasme petite roue \r\n', 5, 1, 11, NULL, NULL, '', 3, '2018-03-31 17:31:25', '2018-03-13 14:45:53'),
('5abfc5edd8e72', 'Marasmius wyneae \r\n', 'Marasme globuleux \r\n', 5, 3, 15, 'Sur feuilles et débris de bois. \r\n', NULL, '', 3, '2018-03-31 17:31:25', '2018-03-13 14:45:53'),
('5abfc5eddf0a7', 'Megacollybia platyphylla \r\n', 'Collybie à lames larges\r\n', 2, 1, 11, NULL, NULL, '', 3, '2018-03-31 17:31:25', '2018-03-13 14:45:53'),
('5abfc5ede5354', 'Melanoleuca grammopodia \r\n', 'Tricholome à pied rayé \r\n', 4, 1, 11, NULL, NULL, '', 3, '2018-03-31 17:31:25', '2018-03-13 14:45:53'),
('5abfc5edeb50b', 'Amanita oblongospora \r\n', 'Amanite à spores allongées\r\n', 2, 4, 15, 'Bois, lieux clairs. \r\n', NULL, '', 3, '2018-03-31 17:31:25', '2018-03-13 14:45:44'),
('5abfc5edf1bc1', 'Melanoleuca melaleuca \r\n', 'Tricholome noir et blanc \r\n', 4, 1, 11, NULL, NULL, '', 3, '2018-03-31 17:31:25', '2018-03-13 14:45:53'),
('5abfc5ee03b9f', 'Melanoleuca polioleuca \r\n', 'Tricholome à chair brune \r\n', 4, 3, 15, 'Parcs et jardins. \r\n', NULL, '', 3, '2018-03-31 17:31:26', '2018-03-13 14:45:53'),
('5abfc5ee09de2', 'Meripilus giganteus \r\n', 'Polypore géant \r\n', 2, 1, 11, NULL, NULL, '', 3, '2018-03-31 17:31:26', '2018-03-13 14:45:53'),
('5abfc5ee0ff98', 'Mitrophora semilibera \r\n', 'Morillon \r\n', 6, 3, 15, 'Lieux humides. \r\n', NULL, '', 3, '2018-03-31 17:31:26', '2018-03-13 14:45:53'),
('5abfc5ee16269', 'Tylopilus porphyrosporus \r\n', 'Bolet à sporée pourprée \r\n', 5, 1, 2, NULL, NULL, '', 3, '2018-03-31 17:31:26', '2018-03-13 14:45:53'),
('5abfc5ee1c47d', 'Morchella esculenta \r\n', 'Morille blonde \r\n', 6, 1, 11, NULL, NULL, '', 3, '2018-03-31 17:31:26', '2018-03-13 14:45:53'),
('5abfc5ee24a35', 'Psathyrella candolleana \r\n', 'Psathyrelle de De Candolle \r\n', 7, 3, 15, 'Lieux clairs. \r\n', NULL, '', 3, '2018-03-31 17:31:26', '2018-03-13 14:45:53'),
('5abfc5ee30570', 'Mutinus caninus \r\n', 'Satyre du chien \r\n', 5, 1, 11, NULL, NULL, '', 3, '2018-03-31 17:31:26', '2018-03-13 14:45:53'),
('5abfc5ee3aef6', 'Mycena epipterygia \r\n', 'Mycène à pied jaune \r\n', 5, 1, 2, NULL, NULL, '', 3, '2018-03-31 17:31:26', '2018-03-13 14:45:53'),
('5abfc5ee4945f', 'Mycena galericulata \r\n', 'Mycène en casque \r\n', 4, 1, 11, NULL, NULL, '', 3, '2018-03-31 17:31:26', '2018-03-13 14:45:54'),
('5abfc5ee4f653', 'Amanita muscaria \r\n', 'Amanite tue-mouches\r\n', 2, 1, 17, NULL, NULL, '', 3, '2018-03-31 17:31:26', '2018-03-13 14:45:44'),
('5abfc5ee557f8', 'Mycena galopus \r\n', 'Mycène à lait blanc\r\n', 5, 1, 17, NULL, NULL, '', 3, '2018-03-31 17:31:26', '2018-03-13 14:45:54'),
('5abfc5ee61bea', 'Mycena haematopus \r\n', 'Mycène à lait rouge \r\n', 5, 1, 11, NULL, NULL, '', 3, '2018-03-31 17:31:26', '2018-03-13 14:45:54'),
('5abfc5ee720d8', 'Mycena inclinata \r\n', 'Mycène inclinée \r\n', 5, 1, 11, NULL, NULL, '', 3, '2018-03-31 17:31:26', '2018-03-13 14:45:54'),
('5abfc5ee7c4ca', 'Mycena maculata \r\n', 'Mycène tachée \r\n', 5, 1, 11, NULL, NULL, '', 3, '2018-03-31 17:31:26', '2018-03-13 14:45:54'),
('5abfc5ee826c4', 'Mycena pelianthina \r\n', 'Mycène à arête violette \r\n', 2, 1, 16, NULL, NULL, '', 3, '2018-03-31 17:31:26', '2018-03-13 14:45:54'),
('5abfc5ee8892b', 'Mycena polygramma \r\n', 'Mycène à pied strié \r\n', 4, 1, 11, NULL, NULL, '', 3, '2018-03-31 17:31:26', '2018-03-13 14:45:54'),
('5abfc5ee8ec07', 'Mycena pura\r\n', 'Mycène pure\r\n', 2, 1, 17, NULL, NULL, '', 3, '2018-03-31 17:31:26', '2018-03-13 14:45:54'),
('5abfc5ee96e46', 'Mycena rosea \r\n', 'Mycène vieux rose \r\n', 2, 1, 16, NULL, NULL, '', 3, '2018-03-31 17:31:26', '2018-03-13 14:45:54'),
('5abfc5ee9d023', 'Mycena rosella \r\n', 'Mycène rosâtre \r\n', 5, 3, 15, 'En troupes parmi les aiguilles. \r\n', NULL, '', 3, '2018-03-31 17:31:26', '2018-03-13 14:45:54'),
('5abfc5eea32df', 'Mycena stipata \r\n', 'Mycène alcaline \r\n', 5, 1, 2, NULL, NULL, '', 3, '2018-03-31 17:31:26', '2018-03-13 14:45:54'),
('5abfc5eeab4ce', 'Amanita ceciliae \r\n', 'Amanite impériale\r\n', 6, 1, 17, NULL, NULL, '', 3, '2018-03-31 17:31:26', '2018-03-13 14:45:44'),
('5abfc5eeb173b', 'Myxomphalia maura \r\n', 'Omphale des charbonnières \r\n', 5, 3, 15, 'Sur charbonnières. \r\n', NULL, '', 3, '2018-03-31 17:31:26', '2018-03-13 14:45:54'),
('5abfc5eeb99d6', 'Neolentinus adhaerens \r\n', 'Lentin collant \r\n', 5, 3, 15, 'Sur bois de résineux. Espèce montagnarde. \r\n', NULL, '', 3, '2018-03-31 17:31:26', '2018-03-13 14:45:54'),
('5abfc5eebfc29', 'Postia caesia \r\n', 'Polypore bleuté des conifères \r\n', 5, 1, 2, NULL, NULL, '', 3, '2018-03-31 17:31:26', '2018-03-13 14:45:54'),
('5abfc5eec7eda', 'Postia stiptica \r\n', 'Polypore astringent \r\n', 5, 1, 2, NULL, NULL, '', 3, '2018-03-31 17:31:26', '2018-03-13 14:45:54'),
('5abfc5eed0223', 'Omphalotus illudens \r\n', 'Faux clitocybe lumineux \r\n', 2, 1, 11, NULL, NULL, '', 3, '2018-03-31 17:31:26', '2018-03-13 14:45:54'),
('5abfc5eed8527', 'Otidea onotica \r\n', 'Oreille d’âne \r\n', 2, 1, 11, NULL, NULL, '', 3, '2018-03-31 17:31:26', '2018-03-13 14:45:54'),
('5abfc5eee06dc', 'Oudemansiella mucida \r\n', 'Collybie visqueuse \r\n', 5, 1, 16, NULL, NULL, '', 3, '2018-03-31 17:31:26', '2018-03-13 14:45:54'),
('5abfc5eee8a69', 'Otidea alutacea \r\n', 'Oreille couleur cuir \r\n', 2, 1, 11, NULL, NULL, '', 3, '2018-03-31 17:31:26', '2018-03-13 14:45:54'),
('5abfc5eef0c71', 'Otidea cochleata \r\n', 'Oreille brun d’ombre \r\n', 2, 1, 17, NULL, NULL, '', 3, '2018-03-31 17:31:26', '2018-03-13 14:45:54'),
('5abfc5ef04d8a', 'Panaeolus semiovatus \r\n', 'Panéole semi-ovoïde \r\n', 2, 3, 15, 'Sur excréments.\r\n', NULL, '', 3, '2018-03-31 17:31:27', '2018-03-13 14:45:54'),
('5abfc5ef0af32', 'Amanita ovoidea \r\n', 'Amanite ovoïde\r\n', 4, 1, 17, NULL, NULL, '', 3, '2018-03-31 17:31:27', '2018-03-13 14:45:44'),
('5abfc5ef11124', 'Panaeolina foenisecii \r\n', 'Panéole des foins \r\n', 2, 1, 13, NULL, NULL, '', 3, '2018-03-31 17:31:27', '2018-03-13 14:45:54'),
('5abfc5ef19421', 'Panaeolus papilionaceus \r\n', 'Panéole à lames papilionacées \r\n', 2, 1, 13, NULL, NULL, '', 3, '2018-03-31 17:31:27', '2018-03-13 14:45:54'),
('5abfc5ef1f62c', 'Psathyrella cotonea \r\n', 'Psathyrelle cotonneuse \r\n', 5, 1, 11, NULL, NULL, '', 3, '2018-03-31 17:31:27', '2018-03-13 14:45:54'),
('5abfc5ef25853', 'Panellus mitis \r\n', 'Panelle doux  \r\n', 5, 1, 2, NULL, NULL, '', 3, '2018-03-31 17:31:27', '2018-03-13 14:45:54'),
('5abfc5ef2ba9f', 'Panellus serotinus \r\n', 'Faux pleurote à lames abricot \r\n', 5, 1, 11, NULL, NULL, '', 3, '2018-03-31 17:31:27', '2018-03-13 14:45:54'),
('5abfc5ef3ceca', 'Panellus stipticus \r\n', 'Panelle astringent \r\n', 2, 1, 11, NULL, NULL, '', 3, '2018-03-31 17:31:27', '2018-03-13 14:45:54'),
('5abfc5ef4635e', 'Tapinella atrotomentosa \r\n', 'Paxille à pied noir \r\n', 5, 1, 2, NULL, NULL, '', 3, '2018-03-31 17:31:27', '2018-03-13 14:45:54'),
('5abfc5ef4c574', 'Psathyrella caput-medusae \r\n', 'Psathyrelle tête-de-méduse \r\n', 5, 1, 2, NULL, NULL, '', 3, '2018-03-31 17:31:27', '2018-03-13 14:45:54'),
('5abfc5ef5275e', 'Paxillus involutus \r\n', 'Paxille enroulé \r\n', 1, 1, 17, NULL, NULL, '', 3, '2018-03-31 17:31:27', '2018-03-13 14:45:54'),
('5abfc5ef589d6', 'Tapinella panuoides \r\n', 'Paxille en forme de Panus \r\n', 5, 1, 2, NULL, NULL, '', 3, '2018-03-31 17:31:27', '2018-03-13 14:45:54'),
('5abfc5ef5ec0e', 'Amanita phalloides \r\n', 'Amanite phalloïde\r\n', 1, 1, 17, NULL, NULL, '', 3, '2018-03-31 17:31:27', '2018-03-13 14:45:44'),
('5abfc5ef64dce', 'Paxillus rubicundulus \r\n', 'Paxille rougeâtre \r\n', 1, 4, 15, 'Surtout sous aulnes. \r\n', NULL, '', 3, '2018-03-31 17:31:27', '2018-03-13 14:45:54'),
('5abfc5ef6b0b9', 'Peniophora quercina \r\n', 'Peniophore du chêne \r\n', 5, 1, 11, NULL, NULL, '', 3, '2018-03-31 17:31:27', '2018-03-13 14:45:54'),
('5abfc5ef7932a', 'Peniophora incarnata \r\n', 'Peniophore rose saumon\r\n', 5, 1, 11, NULL, NULL, '', 3, '2018-03-31 17:31:27', '2018-03-13 14:45:54'),
('5abfc5ef838c7', 'Peziza badia \r\n', 'Pezize baie \r\n', 5, 1, 17, NULL, NULL, '', 3, '2018-03-31 17:31:27', '2018-03-13 14:45:54'),
('5abfc5ef89aed', 'Peziza cerea \r\n', 'Pezize cireuse \r\n', 5, 3, 15, 'Sur débris humides. \r\n', NULL, '', 3, '2018-03-31 17:31:27', '2018-03-13 14:45:54');
INSERT INTO `specie` (`id`, `name_latin`, `name_french`, `edibility_id`, `trophic_status_id`, `biotope_id`, `other_region`, `confusion`, `comment`, `creator_id`, `updated_at`, `created_at`) VALUES
('5abfc5ef8fcfc', 'Peziza succosa \r\n', 'Pezize à suc jaune \r\n', 5, 1, 17, NULL, NULL, '', 3, '2018-03-31 17:31:27', '2018-03-13 14:45:54'),
('5abfc5ef95f4c', 'Peziza vesiculosa \r\n', 'Pezize vésiculeuse \r\n', 4, 3, 15, 'Sur paille, compost, etc. \r\n', NULL, '', 3, '2018-03-31 17:31:27', '2018-03-13 14:45:54'),
('5abfc5ef9c182', 'Phaeolus schweinitzii \r\n', 'Polypore de Schweinitz \r\n', 5, 1, 2, NULL, NULL, '', 3, '2018-03-31 17:31:27', '2018-03-13 14:45:54'),
('5abfc5efa4523', 'Phaeomarasmius erinaceus \r\n', 'Phaéomarasme hérisson \r\n', 5, 1, 11, NULL, NULL, '', 3, '2018-03-31 17:31:27', '2018-03-13 14:45:54'),
('5abfc5efaa64c', 'Phallus impudicus \r\n', 'Satyre puant, Phallus impudique\r\n', 5, 1, 17, NULL, NULL, '', 3, '2018-03-31 17:31:27', '2018-03-13 14:45:55'),
('5abfc5efb0866', 'Agaricus augustus \r\n', 'Agaric impérial\r\n', 7, 1, 17, NULL, NULL, '', 3, '2018-03-31 17:31:27', '2018-03-13 14:45:43'),
('5abfc5efb6ac0', 'Amanita pantherina \r\n', 'Amanite panthère\r\n', 2, 1, 11, NULL, NULL, '', 3, '2018-03-31 17:31:27', '2018-03-13 14:45:44'),
('5abfc5efbcce8', 'Phellinus hartigii \r\n', 'Polypore du sapin \r\n', 5, 1, 6, NULL, NULL, '', 3, '2018-03-31 17:31:27', '2018-03-13 14:45:55'),
('5abfc5efc2ec5', 'Phellinus igniarius \r\n', 'Polypore faux amadouvier \r\n', 5, 1, 11, NULL, NULL, '', 3, '2018-03-31 17:31:27', '2018-03-13 14:45:55'),
('5abfc5efc95ed', 'Fomitiporia robusta \r\n', 'Phellin du chêne \r\n', 5, 1, 8, NULL, NULL, '', 3, '2018-03-31 17:31:27', '2018-03-13 14:45:55'),
('5abfc5efcf81e', 'Phellodon confluens \r\n', 'Hydne confluent \r\n', 5, 1, 11, NULL, NULL, '', 3, '2018-03-31 17:31:27', '2018-03-13 14:45:55'),
('5abfc5efd5a25', 'Phellodon melaleucus \r\n', 'Hydne noir et blanc\r\n', 5, 1, 17, NULL, NULL, '', 3, '2018-03-31 17:31:27', '2018-03-13 14:45:55'),
('5abfc5efdbc7b', 'Phellodon niger \r\n', 'Hydne noir \r\n', 5, 1, 17, NULL, NULL, '', 3, '2018-03-31 17:31:27', '2018-03-13 14:45:55'),
('5abfc5efe1e4c', 'Mycoacia uda \r\n', 'Phlebia humide\r\n', 5, 1, 11, NULL, NULL, '', 3, '2018-03-31 17:31:27', '2018-03-13 14:45:55'),
('5abfc5efe80e5', 'Pholiota adiposa \r\n', 'Pholiote graisseuse \r\n', 7, 1, 16, NULL, NULL, '', 3, '2018-03-31 17:31:27', '2018-03-13 14:45:55'),
('5abfc5efee350', 'Pholiota alnicola \r\n', 'Pholiote des aulnes \r\n', 7, 5, 15, 'Surtout sur aulnes et saules.\r\n', NULL, '', 3, '2018-03-31 17:31:27', '2018-03-13 14:45:55'),
('5abfc5f0002c6', 'Pholiota astragalina \r\n', 'Pholiote orange feu \r\n', 7, 1, 2, NULL, NULL, '', 3, '2018-03-31 17:31:28', '2018-03-13 14:45:55'),
('5abfc5f0064e9', 'Amanita porphyria \r\n', 'Amanite porphyre\r\n', 2, 1, 17, NULL, NULL, '', 3, '2018-03-31 17:31:28', '2018-03-13 14:45:44'),
('5abfc5f00c70b', 'Pholiota aurivella \r\n', 'Pholiote toison d’or \r\n', 7, 1, 11, NULL, NULL, '', 3, '2018-03-31 17:31:28', '2018-03-13 14:45:55'),
('5abfc5f018c26', 'Polyporus varius \r\n', 'Polypore variable \r\n', 5, 1, 11, NULL, NULL, '', 3, '2018-03-31 17:31:28', '2018-03-13 14:45:55'),
('5abfc5f01ed19', 'Pholiota flammans \r\n', 'Pholiote flamboyante \r\n', 7, 1, 2, NULL, NULL, '', 3, '2018-03-31 17:31:28', '2018-03-13 14:45:55'),
('5abfc5f025013', 'Pholiota flavida \r\n', 'Pholiote jaunâtre \r\n', 7, 1, 2, NULL, NULL, '', 3, '2018-03-31 17:31:28', '2018-03-13 14:45:55'),
('5abfc5f02b117', 'Pholiota gummosa \r\n', 'Pholiote gommeuse \r\n', 7, 1, 11, NULL, NULL, '', 3, '2018-03-31 17:31:28', '2018-03-13 14:45:55'),
('5abfc5f0313be', 'Pholiota highlandensis \r\n', 'Pholiote des charbonnières \r\n', 7, 3, 15, 'Sur charbonnières. \r\n', NULL, '', 3, '2018-03-31 17:31:28', '2018-03-13 14:45:55'),
('5abfc5f037580', 'Pholiota jahnii \r\n', 'Pholiote de Jahn \r\n', 7, 1, 11, NULL, NULL, '', 3, '2018-03-31 17:31:28', '2018-03-13 14:45:55'),
('5abfc5f0457ec', 'Pholiota lenta \r\n', 'Pholiote glutineuse \r\n', 7, 5, 15, 'Sur bois.\r\n', NULL, '', 3, '2018-03-31 17:31:28', '2018-03-13 14:45:55'),
('5abfc5f056063', 'Pholiota lucifera \r\n', 'Pholiote lumineuse \r\n', 7, 1, 11, NULL, NULL, '', 3, '2018-03-31 17:31:28', '2018-03-13 14:45:55'),
('5abfc5f05c2b9', 'Hemipholiota populnea \r\n', 'Pholiote destructrice \r\n', 5, 1, 3, NULL, NULL, '', 3, '2018-03-31 17:31:28', '2018-03-13 14:45:55'),
('5abfc5f06452a', 'Amanita rubescens \r\n', 'Amanite rougissante\r\n', 6, 1, 17, NULL, NULL, '', 3, '2018-03-31 17:31:28', '2018-03-13 14:45:44'),
('5abfc5f06c7eb', 'Pholiota scamba \r\n', 'Pholiote soyeuse \r\n', 7, 1, 2, NULL, NULL, '', 3, '2018-03-31 17:31:28', '2018-03-13 14:45:55'),
('5abfc5f074a72', 'Pholiota spumosa \r\n', 'Pholiote baveuse \r\n', 7, 1, 2, NULL, NULL, '', 3, '2018-03-31 17:31:28', '2018-03-13 14:45:55'),
('5abfc5f089149', 'Pholiota squarrosa \r\n', 'Pholiote écailleuse \r\n', 2, 5, 15, 'Sur bois.\r\n', NULL, '', 3, '2018-03-31 17:31:28', '2018-03-13 14:45:55'),
('5abfc5f091406', 'Pholiota tuberculosa \r\n', 'Pholiote à pied renflé \r\n', 2, 1, 11, NULL, NULL, '', 3, '2018-03-31 17:31:28', '2018-03-13 14:45:55'),
('5abfc5f0996e7', 'Phyllotopsis nidulans \r\n', 'Pleurote nicheur \r\n', 5, 1, 2, NULL, NULL, '', 3, '2018-03-31 17:31:28', '2018-03-13 14:45:55'),
('5abfc5f0a1944', 'Rigidoporus sanguinolentus \r\n', 'Polypore sanguinolent \r\n', 5, 1, 5, NULL, NULL, '', 3, '2018-03-31 17:31:28', '2018-03-13 14:45:55'),
('5abfc5f0a9c1e', 'Xenasmatella sulphurea \r\n', 'Phlebiella soufré \r\n', 5, 3, 15, 'Sur bois mort. \r\n', NULL, '', 3, '2018-03-31 17:31:28', '2018-03-13 14:45:55'),
('5abfc5f0afe6b', 'Piptoporus betulinus \r\n', 'Polypore du bouleau \r\n', 5, 1, 5, NULL, NULL, '', 3, '2018-03-31 17:31:28', '2018-03-13 14:45:55'),
('5abfc5f0b80fb', 'Pisolithus arrhizos \r\n', 'Pisolithe dit sans racine \r\n', 5, 4, 15, 'Sols sableux dans les bois. \r\n', NULL, '', 3, '2018-03-31 17:31:28', '2018-03-13 14:45:55'),
('5abfc5f0be34b', 'Pleurotus cornucopiae \r\n', 'Pleurote corne d’abondance \r\n', 6, 1, 11, NULL, NULL, '', 3, '2018-03-31 17:31:28', '2018-03-13 14:45:55'),
('5abfc5f0c6654', 'Amanita phalloides var. alba\r\n', 'Amanite phalloïde blanche\r\n', 1, 1, 17, NULL, NULL, '', 3, '2018-03-31 17:31:28', '2018-03-13 14:45:44'),
('5abfc5f0cc829', 'Pleurotus dryinus \r\n', 'Pleurote du chêne \r\n', 5, 1, 11, NULL, NULL, '', 3, '2018-03-31 17:31:28', '2018-03-13 14:45:55'),
('5abfc5f0d2a49', 'Pleurotus eryngii \r\n', 'Pleurote du panicaut \r\n', 6, 3, 15, 'Sur racines de panicauts \r\n', NULL, '', 3, '2018-03-31 17:31:28', '2018-03-13 14:45:55'),
('5abfc5f0d8c6d', 'Pleurotus ostreatus \r\n', 'Pleurote en huitre \r\n', 6, 1, 11, NULL, NULL, '', 3, '2018-03-31 17:31:28', '2018-03-13 14:45:55'),
('5abfc5f0deec1', 'Pleurotus pulmonarius \r\n', 'Pleurote en poumon \r\n', 6, 1, 11, NULL, NULL, '', 3, '2018-03-31 17:31:28', '2018-03-13 14:45:55'),
('5abfc5f0e50ad', 'Plicaturopsis crispa \r\n', 'Plicature à lames crispées \r\n', 5, 1, 11, NULL, NULL, '', 3, '2018-03-31 17:31:28', '2018-03-13 14:45:56'),
('5abfc5f0eb308', 'Pluteus cervinus \r\n', 'Plutée couleur de cerf \r\n', 4, 1, 11, NULL, NULL, '', 3, '2018-03-31 17:31:28', '2018-03-13 14:45:56'),
('5abfc5f0f1588', 'Pluteus leoninus \r\n', 'Plutée jaune lion \r\n', 5, 1, 11, NULL, NULL, '', 3, '2018-03-31 17:31:28', '2018-03-13 14:45:56'),
('5abfc5f103500', 'Pluteus petasatus \r\n', 'Plutée en parasol \r\n', 4, 1, 11, NULL, NULL, '', 3, '2018-03-31 17:31:29', '2018-03-13 14:45:56'),
('5abfc5f109734', 'Pluteus salicinus \r\n', 'Plutée du saule \r\n', 2, 1, 11, NULL, NULL, '', 3, '2018-03-31 17:31:29', '2018-03-13 14:45:56'),
('5abfc5f10f92e', 'Pluteus umbrosus \r\n', 'Plutée brun d’ombre \r\n', 5, 1, 11, NULL, NULL, '', 3, '2018-03-31 17:31:29', '2018-03-13 14:45:56'),
('5abfc5f115baa', 'Amanita rubescens var. annulosulfurea\r\n', 'Amanite rougissante à anneau jaune\r\n', 6, 1, 17, NULL, NULL, '', 3, '2018-03-31 17:31:29', '2018-03-13 14:45:44'),
('5abfc5f11be64', 'Pleurocybella porrigens \r\n', 'Oreille-de-St-Pierre \r\n', 2, 1, 2, NULL, NULL, '', 3, '2018-03-31 17:31:29', '2018-03-13 14:45:56'),
('5abfc5f121fe7', 'Polyporus brumalis \r\n', 'Polypore d’hiver \r\n', 5, 1, 11, NULL, NULL, '', 3, '2018-03-31 17:31:29', '2018-03-13 14:45:56'),
('5abfc5f128259', 'Polyporus ciliatus \r\n', 'Polypore cilié \r\n', 5, 1, 11, NULL, NULL, '', 3, '2018-03-31 17:31:29', '2018-03-13 14:45:56'),
('5abfc5f12e409', 'Polyporus squamosus \r\n', 'Polypore écailleux \r\n', 5, 1, 11, NULL, NULL, '', 3, '2018-03-31 17:31:29', '2018-03-13 14:45:56'),
('5abfc5f13466a', 'Polyporus tuberaster \r\n', 'Polypore à sclérote  \r\n', 5, 1, 11, NULL, NULL, '', 3, '2018-03-31 17:31:29', '2018-03-13 14:45:56'),
('5abfc5f13a863', 'Ramaria formosa \r\n', 'Ramaire jolie \r\n', 2, 1, 11, NULL, NULL, '', 3, '2018-03-31 17:31:29', '2018-03-13 14:45:56'),
('5abfc5f140b1c', 'Ramaria fumigata \r\n', 'Ramaire enfumée \r\n', 5, 1, 11, NULL, NULL, '', 3, '2018-03-31 17:31:29', '2018-03-13 14:45:56'),
('5abfc5f14f4ea', 'Ramaria gracilis \r\n', 'Ramaire gracile \r\n', 5, 1, 2, NULL, NULL, '', 3, '2018-03-31 17:31:29', '2018-03-13 14:45:56'),
('5abfc5f15f566', 'Ramaria pallida \r\n', 'Ramaire pâle \r\n', 2, 1, 2, NULL, NULL, '', 3, '2018-03-31 17:31:29', '2018-03-13 14:45:56'),
('5abfc5f165886', 'Ramaria stricta \r\n', 'Ramaire serrée \r\n', 2, 1, 11, NULL, NULL, '', 3, '2018-03-31 17:31:29', '2018-03-13 14:45:56'),
('5abfc5f16b961', 'Cystolepiota seminuda \r\n', 'Lépiote demi-nue\r\n', 5, 1, 17, NULL, NULL, '', 3, '2018-03-31 17:31:29', '2018-03-13 14:45:44'),
('5abfc5f171cbd', 'Rhizina undulata \r\n', 'Rhizine ondulée \r\n', 5, 1, 2, NULL, NULL, '', 3, '2018-03-31 17:31:29', '2018-03-13 14:45:56'),
('5abfc5f177dae', 'Rhizopogon roseolus \r\n', 'Rhizopogon rosé \r\n', 5, 1, 6, NULL, NULL, '', 3, '2018-03-31 17:31:29', '2018-03-13 14:45:56'),
('5abfc5f180433', 'Rhodocybe gemina \r\n', 'Rhodocybe tronqué \r\n', 4, 1, 17, NULL, NULL, '', 3, '2018-03-31 17:31:29', '2018-03-13 14:45:56'),
('5abfc5f18bee3', 'Rickenella fibula \r\n', 'Omphale épingle \r\n', 5, 3, 15, 'Dans les mousses. \r\n', NULL, '', 3, '2018-03-31 17:31:29', '2018-03-13 14:45:56'),
('5abfc5f196d7f', 'Ripartites metrodii \r\n', 'Ripartite de Métrod \r\n', 5, 1, 11, NULL, NULL, '', 3, '2018-03-31 17:31:29', '2018-03-13 14:45:56'),
('5abfc5f19cf72', 'Ripartites tricholoma \r\n', 'Ripartite à marge barbue \r\n', 5, 1, 17, NULL, NULL, '', 3, '2018-03-31 17:31:29', '2018-03-13 14:45:56'),
('5abfc5f1a31c3', 'Cortinarius caperatus \r\n', 'Pholiote ridée \r\n', 4, 1, 17, NULL, NULL, '', 3, '2018-03-31 17:31:29', '2018-03-13 14:45:56'),
('5abfc5f1a93c6', 'Amanita strobiliformis \r\n', 'Amanite solitaire\r\n', 2, 1, 11, NULL, NULL, '', 3, '2018-03-31 17:31:29', '2018-03-13 14:45:44'),
('5abfc5f1af5e4', 'Russula acrifolia \r\n', 'Russule à lames âcres \r\n', 5, 1, 17, NULL, NULL, '', 3, '2018-03-31 17:31:29', '2018-03-13 14:45:56'),
('5abfc5f1b7d25', 'Russula adusta \r\n', 'Russule brûlée \r\n', 5, 1, 6, NULL, NULL, '', 3, '2018-03-31 17:31:29', '2018-03-13 14:45:56'),
('5abfc5f1bfb4d', 'Russula aeruginea \r\n', 'Russule vert-de-gris \r\n', 6, 1, 2, NULL, NULL, '', 3, '2018-03-31 17:31:29', '2018-03-13 14:45:56'),
('5abfc5f1c5d6f', 'Russula albonigra \r\n', 'Russule blanche et noire \r\n', 5, 1, 17, NULL, NULL, '', 3, '2018-03-31 17:31:29', '2018-03-13 14:45:56'),
('5abfc5f1cbfa2', 'Russula alutacea \r\n', 'Russule alutacée \r\n', 4, 1, 11, NULL, NULL, '', 3, '2018-03-31 17:31:29', '2018-03-13 14:45:56'),
('5abfc5f1d21fb', 'Russula caerulea \r\n', 'Russule mamelonnée \r\n', 5, 1, 6, NULL, NULL, '', 3, '2018-03-31 17:31:29', '2018-03-13 14:45:56'),
('5abfc5f1d83ef', 'Russula amethystina \r\n', 'Russule améthyste \r\n', 4, 1, 2, NULL, NULL, '', 3, '2018-03-31 17:31:29', '2018-03-13 14:45:56'),
('5abfc5f1de5aa', 'Amanita submembranacea \r\n', 'Amanite à volve grise\r\n', 2, 1, 17, NULL, NULL, '', 3, '2018-03-31 17:31:29', '2018-03-13 14:45:44'),
('5abfc5f1e4845', 'Russula amoena \r\n', 'Russule veloutée \r\n', 4, 1, 17, NULL, NULL, '', 3, '2018-03-31 17:31:29', '2018-03-13 14:45:57'),
('5abfc5f1eaa38', 'Russula anthracina \r\n', 'Russule anthracite \r\n', 5, 1, 17, NULL, NULL, '', 3, '2018-03-31 17:31:29', '2018-03-13 14:45:57'),
('5abfc5f1f0ca6', 'Russula aquosa \r\n', 'Russule aqueuse \r\n', 5, 1, 17, NULL, NULL, '', 3, '2018-03-31 17:31:29', '2018-03-13 14:45:57'),
('5abfc5f202c09', 'Russula atropurpurea \r\n', 'Russule noire et pourpre \r\n', 5, 1, 11, NULL, NULL, '', 3, '2018-03-31 17:31:30', '2018-03-13 14:45:57'),
('5abfc5f208efc', 'Russula aurea \r\n', 'Russule dorée \r\n', 4, 1, 11, NULL, NULL, '', 3, '2018-03-31 17:31:30', '2018-03-13 14:45:57'),
('5abfc5f21117b', 'Hygrophorus pustulatus \r\n', 'Hygrophore pustuleux\r\n', 4, 1, 4, NULL, NULL, '', 3, '2018-03-31 17:31:30', '2018-03-13 14:45:44'),
('5abfc5f21743e', 'Russula integra \r\n', 'Russule des épicéas \r\n', 4, 1, 2, NULL, NULL, '', 3, '2018-03-31 17:31:30', '2018-03-13 14:45:57'),
('5abfc5f21f6ae', 'Russula badia \r\n', 'Russule perfide \r\n', 5, 1, 2, NULL, NULL, '', 3, '2018-03-31 17:31:30', '2018-03-13 14:45:57'),
('5abfc5f2278f7', 'Russula betularum \r\n', 'Russule émétique des bouleaux \r\n', 2, 1, 5, NULL, NULL, '', 3, '2018-03-31 17:31:30', '2018-03-13 14:45:57'),
('5abfc5f22fb9b', 'Russula carpini \r\n', 'Russule des charmes \r\n', 4, 4, 15, 'Surtout sous charmes. \r\n', NULL, '', 3, '2018-03-31 17:31:30', '2018-03-13 14:45:57'),
('5abfc5f237f05', 'Russula cavipes \r\n', 'Russule à pied creux \r\n', 5, 1, 2, NULL, NULL, '', 3, '2018-03-31 17:31:30', '2018-03-13 14:45:57'),
('5abfc5f2401cb', 'Amanita vaginata \r\n', 'Amanite vaginée\r\n', 6, 1, 17, NULL, NULL, '', 3, '2018-03-31 17:31:30', '2018-03-13 14:45:44'),
('5abfc5f2483f6', 'Russula chloroides \r\n', 'Russule à lames glauques \r\n', 5, 1, 11, NULL, NULL, '', 3, '2018-03-31 17:31:30', '2018-03-13 14:45:57'),
('5abfc5f251764', 'Russula cuprea \r\n', 'Russule cuivrée \r\n', 2, 1, 11, NULL, NULL, '', 3, '2018-03-31 17:31:30', '2018-03-13 14:45:57'),
('5abfc5f25f748', 'Russula cyanoxantha \r\n', 'Russule charbonnière \r\n', 4, 1, 11, NULL, NULL, '', 3, '2018-03-31 17:31:30', '2018-03-13 14:45:57'),
('5abfc5f268f2c', 'Russula cyanoxantha fo. cutefracta \r\n', 'Russule charbonnière craquelée \r\n', 4, 1, 11, NULL, NULL, '', 3, '2018-03-31 17:31:30', '2018-03-13 14:45:57'),
('5abfc5f27115a', 'Russula cyanoxantha fo. peltereaui \r\n', 'Russule charbonnière verte \r\n', 4, 1, 11, NULL, NULL, '', 3, '2018-03-31 17:31:30', '2018-03-13 14:45:57'),
('5abfc5f279462', 'Russula decipiens \r\n', 'Russule trompeuse \r\n', 5, 1, 11, NULL, NULL, '', 3, '2018-03-31 17:31:30', '2018-03-13 14:45:57'),
('5abfc5f27f703', 'Amanita virosa \r\n', 'Amanite vireuse\r\n', 1, 1, 17, NULL, NULL, '', 3, '2018-03-31 17:31:30', '2018-03-13 14:45:45'),
('5abfc5f285861', 'Russula decolorans \r\n', 'Russule orangée grisonnante \r\n', 4, 4, 15, 'Surtout hauts marais. \r\n', NULL, '', 3, '2018-03-31 17:31:30', '2018-03-13 14:45:57'),
('5abfc5f2908b5', 'Russula delica \r\n', 'Russule faux-lactaire \r\n', 5, 1, 17, NULL, NULL, '', 3, '2018-03-31 17:31:30', '2018-03-13 14:45:57'),
('5abfc5f29ca8d', 'Russula densifolia \r\n', 'Russule à lames serrées \r\n', 5, 4, 15, 'Dans les bois siliceux. \r\n', NULL, '', 3, '2018-03-31 17:31:30', '2018-03-13 14:45:57'),
('5abfc5f2a63fa', 'Russula sardonia \r\n', 'Russule sardoine\r\n', 2, 4, 15, 'Dans les pinèdes sablonneuses. \r\n', NULL, '', 3, '2018-03-31 17:31:30', '2018-03-13 14:45:57'),
('5abfc5f2ac5f3', 'Russula emetica \r\n', 'Russule émétique \r\n', 2, 1, 2, NULL, NULL, '', 3, '2018-03-31 17:31:30', '2018-03-13 14:45:58'),
('5abfc5f2b2889', 'Amanita verna \r\n', 'Amanite printanière\r\n', 1, 1, 11, NULL, NULL, '', 3, '2018-03-31 17:31:30', '2018-03-13 14:45:45'),
('5abfc5f2c1243', 'Russula silvestris \r\n', 'Russule émétique des chênes \r\n', 2, 1, 11, NULL, NULL, '', 3, '2018-03-31 17:31:30', '2018-03-13 14:45:58'),
('5abfc5f2c6ee5', 'Russula exalbicans \r\n', 'Russule pâlissante \r\n', 5, 1, 5, NULL, NULL, '', 3, '2018-03-31 17:31:30', '2018-03-13 14:45:58'),
('5abfc5f2cd0a1', 'Russula faginea \r\n', 'Russule écrevisse des hêtres\r\n', 4, 1, 16, NULL, NULL, '', 3, '2018-03-31 17:31:30', '2018-03-13 14:45:58'),
('5abfc5f2d3424', 'Russula farinipes \r\n', 'Russule à pied farineux \r\n', 5, 1, 11, NULL, NULL, '', 3, '2018-03-31 17:31:30', '2018-03-13 14:45:58'),
('5abfc5f2d958a', 'Russula fellea \r\n', 'Russule fiel \r\n', 5, 1, 11, NULL, NULL, '', 3, '2018-03-31 17:31:30', '2018-03-13 14:45:58'),
('5abfc5f2df79e', 'Armillaria mellea \r\n', 'Armillaire couleur de miel\r\n', 2, 1, 11, NULL, NULL, '', 3, '2018-03-31 17:31:30', '2018-03-13 14:45:45'),
('5abfc5f2e59ce', 'Russula foetens \r\n', 'Russule fétide \r\n', 5, 1, 17, NULL, NULL, '', 3, '2018-03-31 17:31:30', '2018-03-13 14:45:58'),
('5abfc5f2ee8a4', 'Russula fragilis \r\n', 'Russule fragile \r\n', 2, 1, 17, NULL, NULL, '', 3, '2018-03-31 17:31:30', '2018-03-13 14:45:58'),
('5abfc5f307fe4', 'Russula fuscorubroides \r\n', 'Russule fausse rouge sombre \r\n', 5, 1, 4, NULL, NULL, '', 3, '2018-03-31 17:31:31', '2018-03-13 14:45:58'),
('5abfc5f31c4cb', 'Russula graveolens \r\n', 'Russule écrevisse des chênes \r\n', 4, 1, 8, NULL, NULL, '', 3, '2018-03-31 17:31:31', '2018-03-13 14:45:58'),
('5abfc5f324768', 'Russula grisea \r\n', 'Russule grise \r\n', 5, 1, 11, NULL, NULL, '', 3, '2018-03-31 17:31:31', '2018-03-13 14:45:58'),
('5abfc5f32a94a', 'Russula heterophylla \r\n', 'Russule à lames fourchues\r\n', 4, 1, 17, NULL, NULL, '', 3, '2018-03-31 17:31:31', '2018-03-13 14:45:58'),
('5abfc5f330bd9', 'Armillaria tabescens \r\n', 'Armillaire sans anneau\r\n', 2, 1, 8, NULL, NULL, '', 3, '2018-03-31 17:31:31', '2018-03-13 14:45:45'),
('5abfc5f336d84', 'Russula illota \r\n', 'Russule mal lavée \r\n', 5, 1, 11, NULL, NULL, '', 3, '2018-03-31 17:31:31', '2018-03-13 14:45:58'),
('5abfc5f33d036', 'Russula langei \r\n', 'Russule charbonnière à pied dur \r\n', 4, 1, 11, NULL, NULL, '', 3, '2018-03-31 17:31:31', '2018-03-13 14:45:58'),
('5abfc5f34f67d', 'Russula grata \r\n', 'Russule frangipane \r\n', 5, 1, 11, NULL, NULL, '', 3, '2018-03-31 17:31:31', '2018-03-13 14:45:58'),
('5abfc5f355872', 'Russula rosea \r\n', 'Russule rose \r\n', 4, 1, 17, NULL, NULL, '', 3, '2018-03-31 17:31:31', '2018-03-13 14:45:58'),
('5abfc5f35db25', 'Russula lilacea \r\n', 'Russule lilas \r\n', 4, 1, 11, NULL, NULL, '', 3, '2018-03-31 17:31:31', '2018-03-13 14:45:58'),
('5abfc5f369640', 'Ascocoryne sarcoides \r\n', 'Pezize gélatineuse pourpre\r\n', 5, 1, 11, NULL, NULL, '', 3, '2018-03-31 17:31:31', '2018-03-13 14:45:45'),
('5abfc5f374315', 'Russula aurora \r\n', 'Russule aurore \r\n', 4, 1, 17, NULL, NULL, '', 3, '2018-03-31 17:31:31', '2018-03-13 14:45:59'),
('5abfc5f37a583', 'Russula luteotacta \r\n', 'Russule jaunissante \r\n', 5, 1, 11, NULL, NULL, '', 3, '2018-03-31 17:31:31', '2018-03-13 14:45:59'),
('5abfc5f380c10', 'Russula maculata \r\n', 'Russule maculée\r\n', 5, 1, 11, NULL, NULL, '', 3, '2018-03-31 17:31:31', '2018-03-13 14:45:59'),
('5abfc5f386dea', 'Russula nobilis \r\n', 'Russule émétique compacte \r\n', 2, 1, 16, NULL, NULL, '', 3, '2018-03-31 17:31:31', '2018-03-13 14:45:59'),
('5abfc5f38d04e', 'Astraeus hygrometricus \r\n', 'Astrée hygrométrique\r\n', 5, 4, 15, 'Sol sableux. \r\n', NULL, '', 3, '2018-03-31 17:31:31', '2018-03-13 14:45:45'),
('5abfc5f393228', 'Russula mustelina \r\n', 'Russule belette \r\n', 4, 1, 2, NULL, NULL, '', 3, '2018-03-31 17:31:31', '2018-03-13 14:45:59'),
('5abfc5f39ab8e', 'Russula nauseosa \r\n', 'Russule précoce \r\n', 5, 1, 2, NULL, NULL, '', 3, '2018-03-31 17:31:31', '2018-03-13 14:45:59'),
('5abfc5f3a77e0', 'Russula nigricans \r\n', 'Russule noircissante\r\n', 5, 1, 17, NULL, NULL, '', 3, '2018-03-31 17:31:31', '2018-03-13 14:45:59'),
('5abfc5f3b1d15', 'Russula ochroleuca \r\n', 'Russule ocre et blanche \r\n', 5, 1, 17, NULL, NULL, '', 3, '2018-03-31 17:31:31', '2018-03-13 14:45:59'),
('5abfc5f3b7f4a', 'Russula olivacea \r\n', 'Russule olivacée \r\n', 6, 1, 4, NULL, NULL, '', 3, '2018-03-31 17:31:31', '2018-03-13 14:45:59'),
('5abfc5f3be148', 'Armillaria ostoyae \r\n', 'Armillaire obscure\r\n', 2, 1, 2, NULL, NULL, '', 3, '2018-03-31 17:31:31', '2018-03-13 14:45:45'),
('5abfc5f3c4385', 'Russula paludosa \r\n', 'Russule des marais \r\n', 4, 4, 15, 'Hauts marais. \r\n', NULL, '', 3, '2018-03-31 17:31:31', '2018-03-13 14:45:59'),
('5abfc5f3ca66d', 'Russula parazurea \r\n', 'Russule bleu-vert\r\n', 4, 1, 11, NULL, NULL, '', 3, '2018-03-31 17:31:31', '2018-03-13 14:45:59'),
('5abfc5f3d0794', 'Russula pelargonia \r\n', 'Russule à odeur de geranium \r\n', 5, 1, 3, NULL, NULL, '', 3, '2018-03-31 17:31:31', '2018-03-13 14:45:59'),
('5abfc5f3d6a44', 'Russula persicina \r\n', 'Russule couleur de pêche \r\n', 5, 1, 11, NULL, NULL, '', 3, '2018-03-31 17:31:31', '2018-03-13 14:45:59'),
('5abfc5f3dcca0', 'Russula pseudointegra \r\n', 'Russule coccinée \r\n', 5, 1, 11, NULL, NULL, '', 3, '2018-03-31 17:31:31', '2018-03-13 14:45:59'),
('5abfc5f3e4efd', 'Russula puellaris \r\n', 'Russule jeune fille \r\n', 4, 1, 17, NULL, NULL, '', 3, '2018-03-31 17:31:31', '2018-03-13 14:45:59'),
('5abfc5f3ed1d2', 'Aureoboletus gentilis \r\n', 'Bolet cramoisi\r\n', 4, 1, 11, NULL, NULL, '', 3, '2018-03-31 17:31:31', '2018-03-13 14:45:45'),
('5abfc5f401217', 'Russula queletii \r\n', 'Russule de Quélet \r\n', 5, 1, 4, NULL, NULL, '', 3, '2018-03-31 17:31:32', '2018-03-13 14:45:59'),
('5abfc5f4094f8', 'Russula raoultii \r\n', 'Russule jaune pâle \r\n', 5, 1, 17, NULL, NULL, '', 3, '2018-03-31 17:31:32', '2018-03-13 14:45:59'),
('5abfc5f4117d6', 'Russula risigallina \r\n', 'Russule caméléon \r\n', 4, 1, 17, NULL, NULL, '', 3, '2018-03-31 17:31:32', '2018-03-13 14:46:00'),
('5abfc5f419a7a', 'Russula romellii \r\n', 'Russule à lames fragiles\r\n', 4, 1, 11, NULL, NULL, '', 3, '2018-03-31 17:31:32', '2018-03-13 14:46:00'),
('5abfc5f421d0d', 'Russula sanguinaria \r\n', 'Russule sanguine \r\n', 5, 1, 2, NULL, NULL, '', 3, '2018-03-31 17:31:32', '2018-03-13 14:46:00'),
('5abfc5f429ff2', 'Auricularia auricula-judae \r\n', 'Oreille-de-Judas\r\n', 2, 1, 11, NULL, NULL, '', 3, '2018-03-31 17:31:32', '2018-03-13 14:45:45'),
('5abfc5f43226d', 'Russula subfoetens \r\n', 'Russule fausse-fétide \r\n', 5, 1, 5, NULL, NULL, '', 3, '2018-03-31 17:31:32', '2018-03-13 14:46:00'),
('5abfc5f4384a3', 'Russula turci \r\n', 'Russule coquardée \r\n', 4, 1, 2, NULL, NULL, '', 3, '2018-03-31 17:31:32', '2018-03-13 14:46:00'),
('5abfc5f43e6bf', 'Russula velenovskyi \r\n', 'Russule rouge cuivre\r\n', 4, 1, 17, NULL, NULL, '', 3, '2018-03-31 17:31:32', '2018-03-13 14:46:00'),
('5abfc5f44491a', 'Russula vesca \r\n', 'Russule vieux-rose \r\n', 4, 1, 8, NULL, NULL, '', 3, '2018-03-31 17:31:32', '2018-03-13 14:46:00'),
('5abfc5f44ab26', 'Auricularia mesenterica \r\n', 'Oreille poilue\r\n', 5, 1, 11, NULL, NULL, '', 3, '2018-03-31 17:31:32', '2018-03-13 14:45:45'),
('5abfc5f450d53', 'Russula violacea \r\n', 'Russule violacée \r\n', 5, 1, 11, NULL, NULL, '', 3, '2018-03-31 17:31:32', '2018-03-13 14:46:00'),
('5abfc5f456f79', 'Russula violeipes \r\n', 'Russule à pied violet \r\n', 4, 1, 17, NULL, NULL, '', 3, '2018-03-31 17:31:32', '2018-03-13 14:46:00'),
('5abfc5f45d1be', 'Russula virescens \r\n', 'Russule verdoyante\r\n', 4, 1, 11, NULL, NULL, '', 3, '2018-03-31 17:31:32', '2018-03-13 14:46:00'),
('5abfc5f463392', 'Russula xerampelina \r\n', 'Russule écrevisse \r\n', 4, 1, 2, NULL, NULL, '', 3, '2018-03-31 17:31:32', '2018-03-13 14:46:00'),
('5abfc5f46f7e8', 'Sarcodon imbricatus \r\n', 'Hydne imbriqué \r\n', 7, 1, 2, NULL, NULL, '', 3, '2018-03-31 17:31:32', '2018-03-13 14:46:01'),
('5abfc5f47dc94', 'Agaricus bisporus \r\n', 'Champignon de Paris forme sauvage\r\n', 4, 3, 15, 'Lieux fumés\r\n', NULL, '', 3, '2018-03-31 17:31:32', '2018-03-13 14:45:43'),
('5abfc5f48801f', 'Auriscalpium vulgare \r\n', 'Hydne cure-oreilles\r\n', 5, 1, 6, NULL, NULL, '', 3, '2018-03-31 17:31:32', '2018-03-13 14:45:45'),
('5abfc5f48e21d', 'Sarcodon scabrosus \r\n', 'Hydne rugueux \r\n', 5, 1, 17, NULL, NULL, '', 3, '2018-03-31 17:31:32', '2018-03-13 14:46:01'),
('5abfc5f49447a', 'Sarcoscypha coccinea \r\n', 'Pezize écarlate\r\n', 5, 1, 11, NULL, NULL, '', 3, '2018-03-31 17:31:32', '2018-03-13 14:46:01'),
('5abfc5f49a69a', 'Sarcosphaera coronaria \r\n', 'Pezize couronnée \r\n', 1, 1, 6, NULL, NULL, '', 3, '2018-03-31 17:31:32', '2018-03-13 14:46:01'),
('5abfc5f4a08b2', 'Schizophyllum commune \r\n', 'Schizophylle commun \r\n', 5, 1, 11, NULL, NULL, '', 3, '2018-03-31 17:31:32', '2018-03-13 14:46:01'),
('5abfc5f4a6b07', 'Scleroderma areolatum \r\n', 'Scléroderme aréolé \r\n', 2, 1, 17, NULL, NULL, '', 3, '2018-03-31 17:31:32', '2018-03-13 14:46:01'),
('5abfc5f4aedc0', 'Scleroderma bovista \r\n', 'Scléroderme boviste \r\n', 2, 1, 17, NULL, NULL, '', 3, '2018-03-31 17:31:32', '2018-03-13 14:46:01'),
('5abfc5f4b91e0', 'Scleroderma citrinum \r\n', 'Scléroderme commun \r\n', 2, 1, 17, NULL, NULL, '', 3, '2018-03-31 17:31:32', '2018-03-13 14:46:01'),
('5abfc5f4bf2ee', 'Scleroderma verrucosum \r\n', 'Scléroderme verruqueux \r\n', 2, 1, 17, NULL, NULL, '', 3, '2018-03-31 17:31:32', '2018-03-13 14:46:01'),
('5abfc5f4c55a7', 'Bertia moriformis \r\n', 'Bertia en forme de mûre\r\n', 5, 1, 11, NULL, NULL, '', 3, '2018-03-31 17:31:32', '2018-03-13 14:45:45'),
('5abfc5f4cb796', 'Scutellinia scutellata \r\n', 'Pezize en bouclier \r\n', 5, 3, 15, 'Sur bois mort ou terre humide. \r\n', NULL, '', 3, '2018-03-31 17:31:32', '2018-03-13 14:46:01'),
('5abfc5f4d19dc', 'Scytinostroma hemidichophyticum \r\n', 'Cortice à odeur de naphtaline\r\n', 5, 1, 11, NULL, NULL, '', 3, '2018-03-31 17:31:32', '2018-03-13 14:46:01'),
('5abfc5f4d7bcb', 'Sebacina incrustans \r\n', 'Sébacine incrustante \r\n', 5, 3, 15, 'Sur le sol ou les végétaux. \r\n', NULL, '', 3, '2018-03-31 17:31:32', '2018-03-13 14:46:01'),
('5abfc5f4dddeb', 'Sparassis laminosa \r\n', 'Sparassis lamelleux \r\n', 4, 1, 8, NULL, NULL, '', 3, '2018-03-31 17:31:32', '2018-03-13 14:46:01'),
('5abfc5f4e403c', 'Sparassis crispa \r\n', 'Sparassis crêpu \r\n', 4, 1, 2, NULL, NULL, '', 3, '2018-03-31 17:31:32', '2018-03-13 14:46:01'),
('5abfc5f4ea252', 'Spathularia flavida \r\n', 'Spathulaire jaune\r\n', 7, 1, 2, NULL, NULL, '', 3, '2018-03-31 17:31:32', '2018-03-13 14:46:01'),
('5abfc5f4f0480', 'Bisporella citrina \r\n', 'Micro pezize citrine\r\n', 5, 1, 11, NULL, NULL, '', 3, '2018-03-31 17:31:32', '2018-03-13 14:45:46'),
('5abfc5f50259c', 'Steccherinum fimbriatum \r\n', 'Stécchérine frangé \r\n', 5, 3, 15, 'Surtout sous bois mort. \r\n', NULL, '', 3, '2018-03-31 17:31:33', '2018-03-13 14:46:01'),
('5abfc5f508643', 'Steccherinum ochraceum \r\n', 'Stécchérine ochracé \r\n', 5, 1, 11, NULL, NULL, '', 3, '2018-03-31 17:31:33', '2018-03-13 14:46:01'),
('5abfc5f50e997', 'Stereum hirsutum \r\n', 'Stérée hirsute \r\n', 5, 1, 11, NULL, NULL, '', 3, '2018-03-31 17:31:33', '2018-03-13 14:46:01'),
('5abfc5f514a8b', 'Stereum ochraceoflavum \r\n', 'Stérée ochracé jaune\r\n', 5, 1, 11, NULL, NULL, '', 3, '2018-03-31 17:31:33', '2018-03-13 14:46:01'),
('5abfc5f51aeb3', 'Stereum subtomentosum \r\n', 'Stérée presque tomenteux \r\n', 5, 1, 11, NULL, NULL, '', 3, '2018-03-31 17:31:33', '2018-03-13 14:46:01'),
('5abfc5f520f90', 'Bjerkandera adusta \r\n', 'Tramète brûlée\r\n', 5, 5, 15, 'Sur bois.\r\n', NULL, '', 3, '2018-03-31 17:31:33', '2018-03-13 14:45:46'),
('5abfc5f527168', 'Strobilomyces strobilaceus \r\n', 'Bolet pomme de pin \r\n', 5, 1, 11, NULL, NULL, '', 3, '2018-03-31 17:31:33', '2018-03-13 14:46:02'),
('5abfc5f52d389', 'Stropharia aeruginosa \r\n', 'Strophaire vert-de-gris \r\n', 2, 1, 17, NULL, NULL, '', 3, '2018-03-31 17:31:33', '2018-03-13 14:46:02'),
('5abfc5f5335c7', 'Stropharia caerulea \r\n', 'Strophaire bleue \r\n', 7, 3, 15, 'Lieux clairs. \r\n', NULL, '', 3, '2018-03-31 17:31:33', '2018-03-13 14:46:02'),
('5abfc5f539804', 'Stropharia coronilla \r\n', 'Strophaire coronille \r\n', 7, 1, 14, NULL, NULL, '', 3, '2018-03-31 17:31:33', '2018-03-13 14:46:02'),
('5abfc5f53fa75', 'Suillus cavipes \r\n', 'Bolet à pied creux\r\n', 4, 1, 12, NULL, NULL, '', 3, '2018-03-31 17:31:33', '2018-03-13 14:45:46'),
('5abfc5f5460d2', 'Protostropharia semiglobata \r\n', 'Strophaire hémisphérique \r\n', 7, 3, 15, 'Sur fumier, crottins et bouses. \r\n', NULL, '', 3, '2018-03-31 17:31:33', '2018-03-13 14:46:02'),
('5abfc5f54c312', 'Leratiomyces squamosus \r\n', 'Strophaire écailleuse\r\n', 2, 1, 17, NULL, NULL, '', 3, '2018-03-31 17:31:33', '2018-03-13 14:46:02'),
('5abfc5f5524e0', 'Suillus bovinus \r\n', 'Bolet des bouviers \r\n', 4, 1, 6, NULL, NULL, '', 3, '2018-03-31 17:31:33', '2018-03-13 14:46:02'),
('5abfc5f558777', 'Suillus collinitus \r\n', 'Bolet à base rose \r\n', 7, 1, 6, NULL, NULL, '', 3, '2018-03-31 17:31:33', '2018-03-13 14:46:02'),
('5abfc5f55e9c8', 'Suillus granulatus \r\n', 'Bolet granulé \r\n', 7, 1, 6, NULL, NULL, '', 3, '2018-03-31 17:31:33', '2018-03-13 14:46:02'),
('5abfc5f56e571', 'Suillus grevillei \r\n', 'Bolet élégant\r\n', 4, 1, 12, NULL, NULL, '', 3, '2018-03-31 17:31:33', '2018-03-13 14:46:02'),
('5abfc5f575115', 'Boletopsis leucomelaena \r\n', 'Faux bolet rougissant\r\n', 5, 1, 2, NULL, NULL, '', 3, '2018-03-31 17:31:33', '2018-03-13 14:45:46'),
('5abfc5f5814ee', 'Suillus luteus \r\n', 'Nonette voilée \r\n', 7, 1, 6, NULL, NULL, '', 3, '2018-03-31 17:31:33', '2018-03-13 14:46:02'),
('5abfc5f597bf4', 'Suillus placidus \r\n', 'Bolet ivoire \r\n', 4, 1, 6, NULL, NULL, '', 3, '2018-03-31 17:31:33', '2018-03-13 14:46:02'),
('5abfc5f59fe9c', 'Suillus tridentinus \r\n', 'Bolet du Trentin \r\n', 4, 1, 12, NULL, NULL, '', 3, '2018-03-31 17:31:33', '2018-03-13 14:46:02'),
('5abfc5f5a607d', 'Suillus variegatus \r\n', 'Bolet moucheté \r\n', 5, 1, 2, NULL, NULL, '', 3, '2018-03-31 17:31:33', '2018-03-13 14:46:02'),
('5abfc5f5ac2d0', 'Suillus viscidus \r\n', 'Bolet gris des mélèzes \r\n', 5, 1, 12, NULL, NULL, '', 3, '2018-03-31 17:31:33', '2018-03-13 14:46:02'),
('5abfc5f5b45a6', 'Boletus aereus \r\n', 'Cèpe bronzé\r\n', 4, 1, 8, NULL, NULL, '', 3, '2018-03-31 17:31:33', '2018-03-13 14:45:46'),
('5abfc5f5c5fa3', 'Tephrocybe rancida \r\n', 'Téphrocybe rance \r\n', 5, 1, 11, NULL, NULL, '', 3, '2018-03-31 17:31:33', '2018-03-13 14:46:02'),
('5abfc5f5d4455', 'Thelephora anthocephala \r\n', 'Théléphore en forme de fleur \r\n', 5, 4, 15, 'A terre, dans les bois. \r\n', NULL, '', 3, '2018-03-31 17:31:33', '2018-03-13 14:46:02'),
('5abfc5f5e1527', 'Thelephora anthocephala var. clavularis \r\n', 'Théléphore en fleur, variété petite massue \r\n', 5, 4, 15, 'A terre, dans les bois. \r\n', NULL, '', 3, '2018-03-31 17:31:33', '2018-03-13 14:46:02'),
('5abfc5f5e96d8', 'Thelephora palmata \r\n', 'Théléphore palmé \r\n', 5, 1, 2, NULL, NULL, '', 3, '2018-03-31 17:31:33', '2018-03-13 14:46:02'),
('5abfc5f5ef901', 'Boletus reticulatus \r\n', 'Cèpe d’été\r\n', 4, 1, 11, NULL, NULL, '', 3, '2018-03-31 17:31:33', '2018-03-13 14:45:46'),
('5abfc5f6019f5', 'Thelephora penicillata \r\n', 'Théléphore en pinceau \r\n', 5, 4, 15, 'A terre, dans les bois. \r\n', NULL, '', 3, '2018-03-31 17:31:34', '2018-03-13 14:46:03'),
('5abfc5f607b24', 'Thelephora terrestris \r\n', 'Théléphore terrestre \r\n', 5, 1, 2, NULL, NULL, '', 3, '2018-03-31 17:31:34', '2018-03-13 14:46:03'),
('5abfc5f60dd57', 'Trametes gibbosa \r\n', 'Tramète bossue\r\n', 5, 1, 11, NULL, NULL, '', 3, '2018-03-31 17:31:34', '2018-03-13 14:46:03'),
('5abfc5f613fb7', 'Trametes hirsuta \r\n', 'Tramète hirsute \r\n', 5, 1, 11, NULL, NULL, '', 3, '2018-03-31 17:31:34', '2018-03-13 14:46:03'),
('5abfc5f61a1d9', 'Trametes suaveolens \r\n', 'Tramète à odeur agréable \r\n', 5, 3, 15, 'Surtout sur arbres riverains. \r\n', NULL, '', 3, '2018-03-31 17:31:34', '2018-03-13 14:46:03'),
('5abfc5f6203ee', 'Butyriboletus appendiculatus \r\n', 'Bolet appendiculé\r\n', 6, 1, 11, NULL, NULL, '', 3, '2018-03-31 17:31:34', '2018-03-13 14:45:46'),
('5abfc5f6266b5', 'Trametes versicolor \r\n', 'Tramète versicolore \r\n', 5, 1, 11, NULL, NULL, '', 3, '2018-03-31 17:31:34', '2018-03-13 14:46:03'),
('5abfc5f62c851', 'Tremella aurantia \r\n', 'Trémelle orangée \r\n', 5, 1, 11, NULL, NULL, '', 3, '2018-03-31 17:31:34', '2018-03-13 14:46:03'),
('5abfc5f632b67', 'Tremella foliacea \r\n', 'Trémelle foliacée \r\n', 5, 1, 11, NULL, NULL, '', 3, '2018-03-31 17:31:34', '2018-03-13 14:46:03'),
('5abfc5f638c96', 'Tremella mesenterica \r\n', 'Trémelle mésentérique \r\n', 5, 1, 11, NULL, NULL, '', 3, '2018-03-31 17:31:34', '2018-03-13 14:46:03'),
('5abfc5f63f029', 'Trichaptum abietinum \r\n', 'Tramète lilas \r\n', 5, 1, 2, NULL, NULL, '', 3, '2018-03-31 17:31:34', '2018-03-13 14:46:03'),
('5abfc5f6450cd', 'Tricholoma acerbum \r\n', 'Tricholome âpre\r\n', 5, 1, 11, NULL, NULL, '', 3, '2018-03-31 17:31:34', '2018-03-13 14:46:03'),
('5abfc5f64b3f5', 'Caloboletus calopus \r\n', 'Bolet à beau pied\r\n', 2, 1, 17, NULL, NULL, '', 3, '2018-03-31 17:31:34', '2018-03-13 14:45:46'),
('5abfc5f651538', 'Tricholoma aestuans \r\n', 'Tricholome brûlant \r\n', 5, 4, 15, 'Pessières acides. \r\n', NULL, '', 3, '2018-03-31 17:31:34', '2018-03-13 14:46:03'),
('5abfc5f657869', 'Tricholoma album \r\n', 'Tricholome blanc \r\n', 2, 1, 11, NULL, NULL, '', 3, '2018-03-31 17:31:34', '2018-03-13 14:46:03'),
('5abfc5f65d970', 'Tricholoma atrosquamosum \r\n', 'Tricholome à squames noires \r\n', 4, 1, 11, NULL, NULL, '', 3, '2018-03-31 17:31:34', '2018-03-13 14:46:03'),
('5abfc5f663c1a', 'Tricholoma aurantium \r\n', 'Tricholome orangé\r\n', 7, 1, 2, NULL, NULL, '', 3, '2018-03-31 17:31:34', '2018-03-13 14:46:03'),
('5abfc5f669dd8', 'Tricholoma caligatum \r\n', 'Tricholome chaussé \r\n', 5, 1, 6, NULL, NULL, '', 3, '2018-03-31 17:31:34', '2018-03-13 14:46:03'),
('5abfc5f66ffec', 'Agaricus bitorquis \r\n', 'Agaric des trottoirs\r\n', 4, 3, 15, 'Surtout sur sols tassés\r\n', NULL, '', 3, '2018-03-31 17:31:34', '2018-03-13 14:45:43'),
('5abfc5f676225', 'Boletus depilatus \r\n', 'Bolet chauve\r\n', 4, 1, 11, NULL, NULL, '', 3, '2018-03-31 17:31:34', '2018-03-13 14:45:46'),
('5abfc5f67c47e', 'Tricholoma basirubens \r\n', 'Tricholome à base rouge \r\n', 4, 1, 11, NULL, NULL, '', 3, '2018-03-31 17:31:34', '2018-03-13 14:46:04'),
('5abfc5f68267d', 'Tricholoma batschii \r\n', 'Tricholome à pied bicolore \r\n', 7, 1, 2, NULL, NULL, '', 3, '2018-03-31 17:31:34', '2018-03-13 14:46:04'),
('5abfc5f688891', 'Tricholoma bresadolanum \r\n', 'Tricholome vergeté des feuillus \r\n', 7, 1, 11, NULL, NULL, '', 3, '2018-03-31 17:31:34', '2018-03-13 14:46:04'),
('5abfc5f68eaa7', 'Tricholoma bufonium \r\n', 'Tricholome pourpré \r\n', 2, 1, 2, NULL, NULL, '', 3, '2018-03-31 17:31:34', '2018-03-13 14:46:04'),
('5abfc5f697250', 'Boletus edulis \r\n', 'Cèpe de Bordeaux\r\n', 4, 1, 17, NULL, NULL, '', 3, '2018-03-31 17:31:34', '2018-03-13 14:45:46'),
('5abfc5f6a2d6a', 'Tricholoma cingulatum \r\n', 'Tricholome ceinturé \r\n', 4, 4, 15, 'Surtout sous saules. \r\n', NULL, '', 3, '2018-03-31 17:31:34', '2018-03-13 14:46:04'),
('5abfc5f6ad57b', 'Tricholoma colossus \r\n', 'Tricholome colosse \r\n', 4, 1, 6, NULL, NULL, '', 3, '2018-03-31 17:31:34', '2018-03-13 14:46:04'),
('5abfc5f6b37a5', 'Tricholoma columbetta \r\n', 'Tricholome colombette\r\n', 4, 1, 11, NULL, NULL, '', 3, '2018-03-31 17:31:34', '2018-03-13 14:46:04'),
('5abfc5f6b99fd', 'Tricholoma equestre \r\n', 'Tricholome équestre \r\n', 1, 1, 2, NULL, NULL, '', 3, '2018-03-31 17:31:34', '2018-03-13 14:46:04'),
('5abfc5f6bfbc1', 'Boletus erythropus \r\n', 'Bolet à pied rouge\r\n', 6, 1, 17, NULL, NULL, '', 3, '2018-03-31 17:31:34', '2018-03-13 14:45:46'),
('5abfc5f6c5e34', 'Boletus impolitus \r\n', 'Bolet dépoli\r\n', 4, 1, 11, NULL, NULL, '', 3, '2018-03-31 17:31:34', '2018-03-13 14:45:46'),
('5abfc5f6cc029', 'Suillelus luridus \r\n', 'Bolet blafard\r\n', 6, 1, 17, NULL, NULL, '', 3, '2018-03-31 17:31:34', '2018-03-13 14:45:46'),
('5abfc5f6de61e', 'Boletus pinophilus \r\n', 'Cèpe des pins\r\n', 4, 1, 17, NULL, NULL, '', 3, '2018-03-31 17:31:34', '2018-03-13 14:45:46'),
('5abfc5f6eeb25', 'Butyriboletus pseudoregius \r\n', 'Bolet faux royal\r\n', 6, 1, 11, NULL, NULL, '', 3, '2018-03-31 17:31:34', '2018-03-13 14:45:46'),
('5abfc5f704cba', 'Suillelus queletii \r\n', 'Bolet de Quélet\r\n', 2, 1, 11, NULL, NULL, '', 3, '2018-03-31 17:31:35', '2018-03-13 14:45:46'),
('5abfc5f70af2f', 'Caloboletus radicans \r\n', 'Bolet radicant\r\n', 7, 1, 11, NULL, NULL, '', 3, '2018-03-31 17:31:35', '2018-03-13 14:45:46'),
('5abfc5f711152', 'Butyriboletus regius \r\n', 'Bolet royal\r\n', 2, 1, 11, NULL, NULL, '', 3, '2018-03-31 17:31:35', '2018-03-13 14:45:46'),
('5abfc5f717365', 'Agaricus campestris \r\n', 'Rosé des prés, Agaric champêtre\r\n', 4, 3, 15, 'Pâturages\r\n', NULL, '', 3, '2018-03-31 17:31:35', '2018-03-13 14:45:43'),
('5abfc5f71ea11', 'Rubroboletus satanas \r\n', 'Bolet Satan\r\n', 2, 1, 11, NULL, NULL, '', 3, '2018-03-31 17:31:35', '2018-03-13 14:45:46'),
('5abfc5f729b4d', 'Bondarzewia mesenterica \r\n', 'Polypore mésentérique\r\n', 5, 1, 2, NULL, NULL, '', 3, '2018-03-31 17:31:35', '2018-03-13 14:45:46'),
('5abfc5f7300bc', 'Bovista plumbea \r\n', 'Vesse-de-loup plombée\r\n', 5, 1, 13, NULL, NULL, '', 3, '2018-03-31 17:31:35', '2018-03-13 14:45:46'),
('5abfc5f73635d', 'Bulgaria inquinans \r\n', 'Bulgarie salissante\r\n', 5, 1, 8, NULL, NULL, '', 3, '2018-03-31 17:31:35', '2018-03-13 14:45:46'),
('5abfc5f73c521', 'Calocera cornea \r\n', 'Calocère en forme de corne\r\n', 5, 1, 11, NULL, NULL, '', 3, '2018-03-31 17:31:35', '2018-03-13 14:45:46'),
('5abfc5f74272c', 'Calocera viscosa \r\n', 'Calocère visqueuse\r\n', 2, 1, 2, NULL, NULL, '', 3, '2018-03-31 17:31:35', '2018-03-13 14:45:46'),
('5abfc5f74891b', 'Rugosomyces carneus \r\n', 'Collybie carnée\r\n', 5, 1, 13, NULL, NULL, '', 3, '2018-03-31 17:31:35', '2018-03-13 14:45:46'),
('5abfc5f74ebdc', 'Rugosomyces chrysenteron \r\n', 'Collybie à chair jaune\r\n', 5, 1, 11, NULL, NULL, '', 3, '2018-03-31 17:31:35', '2018-03-13 14:45:46'),
('5abfc5f754dc5', 'Tricholomella constricta \r\n', 'Faux avrillot d’automne\r\n', 4, 1, 13, NULL, NULL, '', 3, '2018-03-31 17:31:35', '2018-03-13 14:45:46'),
('5abfc5f75afd4', 'Tricholomella leucocephala \r\n', 'Calocybe à tête blanche\r\n', 4, 1, 11, NULL, NULL, '', 3, '2018-03-31 17:31:35', '2018-03-13 14:45:46'),
('5abfc5f761483', 'Agaricus comtulus \r\n', 'Agaric élégant\r\n', 4, 1, 13, NULL, NULL, '', 3, '2018-03-31 17:31:35', '2018-03-13 14:45:43'),
('5abfc5f769791', 'Calocybe gambosa \r\n', 'Avrillot\r\n', 6, 1, 17, NULL, NULL, '', 3, '2018-03-31 17:31:35', '2018-03-13 14:45:46'),
('5abfc5f76f95a', 'Polyporus umbellatus \r\n', 'Polypore en ombelle\r\n', 4, 1, 11, NULL, NULL, '', 3, '2018-03-31 17:31:35', '2018-03-13 14:45:46'),
('5abfc5f7779c3', 'Cystolepiota bucknalli \r\n', 'Lépiote à odeur sulfureuse\r\n', 7, 1, 11, NULL, NULL, 'blablablablablablablablablablablablablablablablablablablablablablablablablablablablablablablablablablablablablablablablablablablablablablablabla', 3, '2018-03-31 17:58:41', '2018-03-13 14:45:46'),
('5abfc5f77ddd8', 'Crucibulum laeve \r\n', 'Crucibule lisse\r\n', 5, 3, 15, 'Sur bois mort. \r\n', NULL, '', 3, '2018-03-31 17:31:35', '2018-03-13 14:45:46'),
('5abfc5f78609e', 'Cantharellus cibarius \r\n', 'Girole\r\n', 4, 1, 17, NULL, NULL, '', 3, '2018-03-31 17:31:35', '2018-03-13 14:45:46'),
('5abfc5f78e2dc', 'Cantharellus amethysteus \r\n', 'Chanterelle améthyste\r\n', 4, 1, 17, NULL, NULL, '', 3, '2018-03-31 17:31:35', '2018-03-13 14:45:46'),
('5abfc5f796428', 'Cortinarius rubellus \r\n', 'Cortinaire très élégant\r\n', 1, 1, 2, NULL, NULL, '', 3, '2018-03-31 17:31:35', '2018-03-13 14:45:47'),
('5abfc5f79e6a2', 'Cantharellus friesii \r\n', 'Chanterelle abricot\r\n', 4, 1, 11, NULL, NULL, '', 3, '2018-03-31 17:31:35', '2018-03-13 14:45:47'),
('5abfc5f7ad885', 'Cortinarius spilomeus \r\n', 'Cortinaire tacheté\r\n', 5, 1, 2, NULL, NULL, '', 3, '2018-03-31 17:31:35', '2018-03-13 14:45:47'),
('5abfc5f7b8f05', 'Cortinarius meinhardii \r\n', 'Cortinaire splendide\r\n', 2, 1, 11, NULL, NULL, '', 3, '2018-03-31 17:31:35', '2018-03-13 14:45:47');

-- --------------------------------------------------------

--
-- Table structure for table `trophic_status`
--

CREATE TABLE `trophic_status` (
  `id` int(10) UNSIGNED NOT NULL,
  `status` varchar(255) CHARACTER SET utf8 COLLATE utf8_unicode_ci NOT NULL,
  `updated_at` timestamp NOT NULL DEFAULT current_timestamp,
  `created_at` timestamp NOT NULL DEFAULT current_timestamp
) ;

--
-- Dumping data for table `trophic_status`
--

INSERT INTO `trophic_status` (`id`, `status`, `updated_at`, `created_at`) VALUES
(1, 'Parasite biotrophe', '2018-02-14 14:12:02', '2018-02-14 14:12:02'),
(2, 'Parasite nécrotrophe', '2018-02-14 14:12:02', '2018-02-14 14:12:02'),
(3, 'Saprotrophe', '2018-02-14 14:12:36', '2018-02-14 14:12:36'),
(4, 'Mycorhizien', '2018-02-14 14:12:36', '2018-02-14 14:12:36'),
(5, 'Parasite', '2018-03-13 14:44:08', '2018-03-13 14:44:08');

-- --------------------------------------------------------

--
-- Table structure for table `user`
--

CREATE TABLE `user` (
  `id` int(10) UNSIGNED NOT NULL,
  `mail` varchar(255) CHARACTER SET utf8 COLLATE utf8_unicode_ci NOT NULL,
  `password` varchar(255) CHARACTER SET utf8 COLLATE utf8_unicode_ci NOT NULL,
  `last_name` varchar(255) CHARACTER SET utf8 COLLATE utf8_unicode_ci DEFAULT NULL,
  `first_name` varchar(255) CHARACTER SET utf8 COLLATE utf8_unicode_ci DEFAULT NULL,
  `role` text CHARACTER SET utf8 COLLATE utf8_unicode_ci NOT NULL,
  `updated_at` timestamp NOT NULL DEFAULT current_timestamp,
  `created_at` timestamp NOT NULL DEFAULT current_timestamp
) ;

--
-- Dumping data for table `user`
--

INSERT INTO `user` (`id`, `mail`, `password`, `last_name`, `first_name`, `role`, `updated_at`, `created_at`) VALUES
(1, 'admin@admin.fr', '$2y$10$zp3mxcM.CEY2Uhr01LeAzuhfkX41U3giAXF/0a1QIEvLo14QimI/.', 'admin', 'admin', 'admin', '2018-03-18 17:46:19', '2018-03-15 11:07:47'),
(2, 'renouard.q@gmail.com', '$2y$10$uKgxVXGCowZorD/EAthqpOFLmkaSUusptjpSEfy1..OBV.RhwrqPi', 'RENOUARD', 'Quentin', 'user', '2018-02-21 13:40:08', '2018-02-21 13:40:08'),
(3, 'geoffreybaier@gmail.com', '$2y$10$4chd6qUIvwbWgVRYz1DQkOegNCpVurf3eX3VwMszGNw71iivIr8uK', 'Baier', 'Geoffrey', 'user', '2018-03-15 11:08:07', '2018-02-14 09:07:49');

--
-- AUTO_INCREMENT for dumped tables
--

--
-- AUTO_INCREMENT for table `biotope`
--
ALTER TABLE `biotope`
  MODIFY `id` int(10) UNSIGNED NOT NULL AUTO_INCREMENT;
--
-- AUTO_INCREMENT for table `edibility`
--
ALTER TABLE `edibility`
  MODIFY `id` int(10) UNSIGNED NOT NULL AUTO_INCREMENT;
--
-- AUTO_INCREMENT for table `trophic_status`
--
ALTER TABLE `trophic_status`
  MODIFY `id` int(10) UNSIGNED NOT NULL AUTO_INCREMENT;
--
-- AUTO_INCREMENT for table `user`
--
ALTER TABLE `user`
  MODIFY `id` int(10) UNSIGNED NOT NULL AUTO_INCREMENT;
/*!40101 SET CHARACTER_SET_CLIENT=@OLD_CHARACTER_SET_CLIENT */;
/*!40101 SET CHARACTER_SET_RESULTS=@OLD_CHARACTER_SET_RESULTS */;
/*!40101 SET COLLATION_CONNECTION=@OLD_COLLATION_CONNECTION */;
