-- phpMyAdmin SQL Dump
-- version 4.5.4.1deb2ubuntu2
-- http://www.phpmyadmin.net
--
-- Client :  localhost
-- Généré le :  Lun 02 Avril 2018 à 20:42
-- Version du serveur :  10.0.34-MariaDB-0ubuntu0.16.04.1
-- Version de PHP :  7.0.28-0ubuntu0.16.04.1

SET SQL_MODE = "NO_AUTO_VALUE_ON_ZERO";
SET time_zone = "+00:00";


/*!40101 SET @OLD_CHARACTER_SET_CLIENT=@@CHARACTER_SET_CLIENT */;
/*!40101 SET @OLD_CHARACTER_SET_RESULTS=@@CHARACTER_SET_RESULTS */;
/*!40101 SET @OLD_COLLATION_CONNECTION=@@COLLATION_CONNECTION */;

--
-- Base de données :  `mycologie`
--

-- --------------------------------------------------------

--
-- Structure de la table `biotope`
--

CREATE TABLE `biotope` (
  `id` varchar(255) CHARACTER SET utf8 COLLATE utf8_unicode_ci NOT NULL,
  `region` varchar(255) CHARACTER SET utf8 COLLATE utf8_unicode_ci NOT NULL,
  `updated_at` timestamp NOT NULL DEFAULT CURRENT_TIMESTAMP ON UPDATE CURRENT_TIMESTAMP,
  `created_at` timestamp NOT NULL DEFAULT CURRENT_TIMESTAMP
) ENGINE=InnoDB DEFAULT CHARSET=utf8;

--
-- Contenu de la table `biotope`
--

INSERT INTO `biotope` (`id`, `region`, `updated_at`, `created_at`) VALUES
('10517709275ac0214d32aae', 'Sous châtaigniers', '2018-04-01 00:01:17', '2018-02-14 13:07:41'),
('11769041325ac0214dbdee3', 'Milieux herbeux', '2018-04-01 00:01:17', '2018-02-14 13:11:01'),
('11945630565ac0214d86e3d', 'Sous mélèzes', '2018-04-01 00:01:17', '2018-02-14 13:10:39'),
('12055979745ac0214e3c559', 'Sous frênes', '2018-04-01 00:01:18', '2018-02-14 13:09:10'),
('12302707155ac0214e1bc1a', 'Sous épicéas', '2018-04-01 00:01:18', '2018-02-14 13:09:10'),
('1400758155ac0214e52509', 'En sphaigne', '2018-04-01 00:01:18', '2018-02-14 13:09:10'),
('14548543435ac0214e10dad', 'Sous peupliers tremble', '2018-04-01 00:01:18', '2018-02-14 13:09:10'),
('15649313345ac0214dc8d01', 'Autre', '2018-04-01 00:01:17', '2018-02-14 13:50:55'),
('16310565925ac0214e48085', 'Sous chênes', '2018-04-01 00:01:18', '2018-02-14 13:09:10'),
('17792000845ac0214d3fc76', 'Sous érables', '2018-04-01 00:01:17', '2018-02-14 13:09:10'),
('1931148165ac0214de160d', 'Sous hêtres', '2018-04-01 00:01:17', '2018-03-13 14:23:22'),
('3395889465ac0214d91a27', 'Dans les prés', '2018-04-01 00:01:17', '2018-02-14 13:11:01'),
('398009485ac0214e3195e', 'Sous pins', '2018-04-01 00:01:18', '2018-02-14 13:09:10'),
('5043900435ac0214dec836', 'Forêts', '2018-04-01 00:01:17', '2018-03-13 14:25:02'),
('6165814045ac0214d4ab0a', 'Sous feuillus', '2018-04-01 00:01:17', '2018-02-14 13:10:39'),
('8403526235ac0214e05c95', 'Sous conifère', '2018-04-01 00:01:18', '2018-02-14 13:07:41'),
('8414782745ac0214e26851', 'Sous bouleaux', '2018-04-01 00:01:18', '2018-02-14 13:09:10');

-- --------------------------------------------------------

--
-- Structure de la table `edibility`
--

CREATE TABLE `edibility` (
  `id` varchar(255) CHARACTER SET utf8 COLLATE utf8_unicode_ci NOT NULL,
  `status` varchar(255) CHARACTER SET utf8 COLLATE utf8_unicode_ci NOT NULL,
  `updated_at` timestamp NOT NULL DEFAULT CURRENT_TIMESTAMP ON UPDATE CURRENT_TIMESTAMP,
  `created_at` timestamp NOT NULL DEFAULT CURRENT_TIMESTAMP
) ENGINE=InnoDB DEFAULT CHARSET=utf8;

--
-- Contenu de la table `edibility`
--

INSERT INTO `edibility` (`id`, `status`, `updated_at`, `created_at`) VALUES
('15387377755ac0216d4eaf7', 'Comestible', '2018-04-01 00:01:49', '2018-02-14 14:06:42'),
('17589158415ac0216d6c832', 'Sans valeur', '2018-04-01 00:01:49', '2018-02-14 14:06:42'),
('18896956635ac0216d7a88f', 'Comestible bien cuit', '2018-04-01 00:01:49', '2018-02-14 14:06:54'),
('19638307355ac0216d1bf05', 'Mortel', '2018-04-01 00:01:49', '2018-02-14 14:06:42'),
('21351199175ac0216d33539', 'Toxique/comestible avec recommandation', '2018-04-01 00:01:49', '2018-02-14 14:06:42'),
('2344341035ac0216d850a5', 'Suspect', '2018-04-01 00:01:49', '2018-02-14 14:56:04'),
('5420982905ac0216d28459', 'Toxique', '2018-04-01 00:01:49', '2018-02-14 14:06:42');

-- --------------------------------------------------------

--
-- Structure de la table `specie`
--

CREATE TABLE `specie` (
  `id` varchar(255) CHARACTER SET utf8 COLLATE utf8_unicode_ci NOT NULL,
  `name_latin` varchar(255) CHARACTER SET utf8 COLLATE utf8_unicode_ci NOT NULL,
  `name_french` varchar(255) CHARACTER SET utf8 COLLATE utf8_unicode_ci NOT NULL,
  `edibility_id` varchar(255) CHARACTER SET utf8 COLLATE utf8_unicode_ci NOT NULL,
  `trophic_status_id` varchar(255) CHARACTER SET utf8 COLLATE utf8_unicode_ci NOT NULL,
  `biotope_id` varchar(255) CHARACTER SET utf8 COLLATE utf8_unicode_ci NOT NULL,
  `other_region` varchar(255) CHARACTER SET utf8 COLLATE utf8_unicode_ci DEFAULT NULL,
  `confusion` varchar(255) CHARACTER SET utf8 COLLATE utf8_unicode_ci DEFAULT NULL,
  `comment` text CHARACTER SET utf8 COLLATE utf8_unicode_ci,
  `creator_id` varchar(255) CHARACTER SET utf8 COLLATE utf8_unicode_ci NOT NULL,
  `updated_at` timestamp NOT NULL DEFAULT CURRENT_TIMESTAMP ON UPDATE CURRENT_TIMESTAMP,
  `created_at` timestamp NOT NULL DEFAULT CURRENT_TIMESTAMP
) ENGINE=InnoDB DEFAULT CHARSET=utf8;

--
-- Contenu de la table `specie`
--

INSERT INTO `specie` (`id`, `name_latin`, `name_french`, `edibility_id`, `trophic_status_id`, `biotope_id`, `other_region`, `confusion`, `comment`, `creator_id`, `updated_at`, `created_at`) VALUES
('10015665875ac01e20eaa6c', 'Lactarius controversus \r\n', 'Lactaire des peupliers\r\n', '17589158415ac0216d6c832', '21117669905ac0216029ffe', '14548543435ac0214e10dad', NULL, NULL, NULL, '10245427695ac0218d21614', '2018-04-02 16:55:35', '2018-03-13 14:45:50'),
('10016011635ac01e277680a', 'Tylopilus porphyrosporus \r\n', 'Bolet à sporée pourprée \r\n', '17589158415ac0216d6c832', '21117669905ac0216029ffe', '8403526235ac0214e05c95', NULL, NULL, NULL, '10245427695ac0218d21614', '2018-04-02 16:55:36', '2018-03-13 14:45:53'),
('10079113525ac01e1ba35ec', 'Clitocybe alexandri \r\n', 'Clitocybe plombé\r\n', '15387377755ac0216d4eaf7', '21117669905ac0216029ffe', '8403526235ac0214e05c95', NULL, NULL, NULL, '10245427695ac0218d21614', '2018-04-02 16:55:36', '2018-03-13 14:45:47'),
('10081499785ac01e3372d72', 'Caloboletus calopus \r\n', 'Bolet à beau pied\r\n', '5420982905ac0216d28459', '21117669905ac0216029ffe', '5043900435ac0214dec836', NULL, NULL, NULL, '10245427695ac0218d21614', '2018-04-02 16:55:36', '2018-03-13 14:45:46'),
('10103468155ac01e24bab01', 'Amanita echinocephala \r\n', 'Amanite épineuse\r\n', '5420982905ac0216d28459', '21117669905ac0216029ffe', '398009485ac0214e3195e', NULL, NULL, NULL, '10245427695ac0218d21614', '2018-04-02 16:55:36', '2018-03-13 14:45:44'),
('10127594305ac01e31d1ccb', 'Stereum ochraceoflavum \r\n', 'Stérée ochracé jaune\r\n', '17589158415ac0216d6c832', '21117669905ac0216029ffe', '6165814045ac0214d4ab0a', NULL, NULL, NULL, '10245427695ac0218d21614', '2018-04-02 16:55:36', '2018-03-13 14:46:01'),
('10192069315ac01e3146961', 'Bertia moriformis \r\n', 'Bertia en forme de mûre\r\n', '17589158415ac0216d6c832', '21117669905ac0216029ffe', '6165814045ac0214d4ab0a', NULL, NULL, NULL, '10245427695ac0218d21614', '2018-04-02 16:55:36', '2018-03-13 14:45:45'),
('10232053755ac01e24ee8ab', 'Rhodocollybia maculata \r\n', 'Collybie maculée \r\n', '17589158415ac0216d6c832', '21117669905ac0216029ffe', '8403526235ac0214e05c95', NULL, NULL, NULL, '10245427695ac0218d21614', '2018-04-02 16:55:36', '2018-03-13 14:45:52'),
('10288755225ac01e2a917a8', 'Hemipholiota populnea \r\n', 'Pholiote destructrice \r\n', '17589158415ac0216d6c832', '21117669905ac0216029ffe', '14548543435ac0214e10dad', NULL, NULL, NULL, '10245427695ac0218d21614', '2018-04-02 16:55:36', '2018-03-13 14:45:55'),
('10313767925ac01e2d16812', 'Russula amethystina \r\n', 'Russule améthyste \r\n', '15387377755ac0216d4eaf7', '21117669905ac0216029ffe', '8403526235ac0214e05c95', NULL, NULL, NULL, '10245427695ac0218d21614', '2018-04-02 16:55:36', '2018-03-13 14:45:56'),
('10329489195ac01e321a842', 'Stropharia coronilla \r\n', 'Strophaire coronille \r\n', '2344341035ac0216d850a5', '21117669905ac0216029ffe', '11769041325ac0214dbdee3', NULL, NULL, NULL, '10245427695ac0218d21614', '2018-04-02 16:55:36', '2018-03-13 14:46:02'),
('10344261125ac01e1b1adf9', 'Cheimonophyllum candidissimum \r\n', 'Faux crépidote blanc de neige\r\n', '17589158415ac0216d6c832', '11854696015ac02160647aa', '15649313345ac0214dc8d01', 'Sur bois. \r\n', NULL, NULL, '10245427695ac0218d21614', '2018-04-02 16:55:36', '2018-03-13 14:45:47'),
('10373848355ac01e1c7c3fa', 'Clitocybe phaeophthalma \r\n', 'Clitocybe à odeur de  poulailler\r\n', '5420982905ac0216d28459', '21117669905ac0216029ffe', '6165814045ac0214d4ab0a', NULL, NULL, NULL, '10245427695ac0218d21614', '2018-04-02 16:55:36', '2018-03-13 14:45:48'),
('1037476895ac01e1b441fe', 'Chroogomphus rutilus \r\n', 'Gomphide rutilant\r\n', '15387377755ac0216d4eaf7', '21117669905ac0216029ffe', '398009485ac0214e3195e', NULL, NULL, NULL, '10245427695ac0218d21614', '2018-04-02 16:55:36', '2018-03-13 14:45:47'),
('10450307065ac01e3289f5d', 'Suillus tridentinus \r\n', 'Bolet du Trentin \r\n', '15387377755ac0216d4eaf7', '21117669905ac0216029ffe', '11945630565ac0214d86e3d', NULL, NULL, NULL, '10245427695ac0218d21614', '2018-04-02 16:55:36', '2018-03-13 14:46:02'),
('10468369335ac01e30a7765', 'Russula virescens \r\n', 'Russule verdoyante\r\n', '15387377755ac0216d4eaf7', '21117669905ac0216029ffe', '6165814045ac0214d4ab0a', NULL, NULL, NULL, '10245427695ac0218d21614', '2018-04-02 16:55:36', '2018-03-13 14:46:00'),
('10482508895ac01e27eecf6', 'Mycena rosea \r\n', 'Mycène vieux rose \r\n', '5420982905ac0216d28459', '21117669905ac0216029ffe', '1931148165ac0214de160d', NULL, NULL, NULL, '10245427695ac0218d21614', '2018-04-02 16:55:36', '2018-03-13 14:45:54'),
('10484947395ac01e20dffee', 'Lactarius circellatus \r\n', 'Lactaire cerclé\r\n', '17589158415ac0216d6c832', '21117669905ac0216029ffe', '6165814045ac0214d4ab0a', NULL, NULL, NULL, '10245427695ac0218d21614', '2018-04-02 16:55:36', '2018-03-13 14:45:50'),
('10529703205ac01e219abd7', 'Lactarius hysginus \r\n', 'Lactaire cireux\r\n', '17589158415ac0216d6c832', '21117669905ac0216029ffe', '8403526235ac0214e05c95', NULL, NULL, NULL, '10245427695ac0218d21614', '2018-04-02 16:55:36', '2018-03-13 14:45:50'),
('10552624195ac01e248c914', 'Lepiota clypeolaria \r\n', 'Lépiote en bouclier \r\n', '5420982905ac0216d28459', '21117669905ac0216029ffe', '6165814045ac0214d4ab0a', NULL, NULL, NULL, '10245427695ac0218d21614', '2018-04-02 16:55:36', '2018-03-13 14:45:52'),
('10625487375ac01e2b0564d', 'Pisolithus arrhizos \r\n', 'Pisolithe dit sans racine \r\n', '17589158415ac0216d6c832', '11508217045ac0216085364', '15649313345ac0214dc8d01', 'Sols sableux dans les bois. \r\n', NULL, NULL, '10245427695ac0218d21614', '2018-04-02 16:55:36', '2018-03-13 14:45:55'),
('10626853435ac01e22602a7', 'Lactarius pyrogalus \r\n', 'Lactaire à lait brûlant\r\n', '5420982905ac0216d28459', '11508217045ac0216085364', '15649313345ac0214dc8d01', 'Surtout sous noisetiers. \r\n', NULL, NULL, '10245427695ac0218d21614', '2018-04-02 16:55:36', '2018-03-13 14:45:51'),
('10645606115ac01e2b0daea', 'Pleurotus cornucopiae \r\n', 'Pleurote corne d’abondance \r\n', '18896956635ac0216d7a88f', '21117669905ac0216029ffe', '6165814045ac0214d4ab0a', NULL, NULL, NULL, '10245427695ac0218d21614', '2018-04-02 16:55:36', '2018-03-13 14:45:55'),
('10717013915ac01e215e28b', 'Lactarius fulvissimus \r\n', 'Lactaire fauve\r\n', '17589158415ac0216d6c832', '21117669905ac0216029ffe', '6165814045ac0214d4ab0a', NULL, NULL, NULL, '10245427695ac0218d21614', '2018-04-02 16:55:36', '2018-03-13 14:45:50'),
('10775833985ac01e1e9826c', 'Cortinarius bulliardii \r\n', 'Cortinaire de Bulliard\r\n', '17589158415ac0216d6c832', '21117669905ac0216029ffe', '6165814045ac0214d4ab0a', NULL, NULL, NULL, '10245427695ac0218d21614', '2018-04-02 16:55:36', '2018-03-13 14:45:49'),
('10795298585ac01e1fdbaae', 'Inonotus hispidus \r\n', 'Polypore hérissé\r\n', '17589158415ac0216d6c832', '21117669905ac0216029ffe', '6165814045ac0214d4ab0a', NULL, NULL, NULL, '10245427695ac0218d21614', '2018-04-02 16:55:36', '2018-03-13 14:45:50'),
('10813028835ac01e288b35a', 'Otidea cochleata \r\n', 'Oreille brun d’ombre \r\n', '5420982905ac0216d28459', '21117669905ac0216029ffe', '5043900435ac0214dec836', NULL, NULL, NULL, '10245427695ac0218d21614', '2018-04-02 16:55:37', '2018-03-13 14:45:54'),
('10839465595ac01e206fe12', 'Ramaria flava \r\n', 'Ramaire jaune\r\n', '15387377755ac0216d4eaf7', '21117669905ac0216029ffe', '6165814045ac0214d4ab0a', NULL, NULL, NULL, '10245427695ac0218d21614', '2018-04-02 16:55:37', '2018-03-13 14:45:50'),
('1088167035ac01e2f6eca6', 'Russula maculata \r\n', 'Russule maculée\r\n', '17589158415ac0216d6c832', '21117669905ac0216029ffe', '6165814045ac0214d4ab0a', NULL, NULL, NULL, '10245427695ac0218d21614', '2018-04-02 16:55:37', '2018-03-13 14:45:59'),
('1091916175ac01e26b8bb7', 'Mycetinis alliaceus \r\n', 'Marasme à odeur d’ail \r\n', '17589158415ac0216d6c832', '21117669905ac0216029ffe', '1931148165ac0214de160d', NULL, NULL, NULL, '10245427695ac0218d21614', '2018-04-02 16:55:37', '2018-03-13 14:45:53'),
('10943287295ac01e1e259fe', 'Cortinarius azureus \r\n', 'Cortinaire azur\r\n', '17589158415ac0216d6c832', '21117669905ac0216029ffe', '5043900435ac0214dec836', NULL, NULL, NULL, '10245427695ac0218d21614', '2018-04-02 16:55:37', '2018-03-13 14:45:48'),
('11093372705ac01e335b3f0', 'Trichaptum abietinum \r\n', 'Tramète lilas \r\n', '17589158415ac0216d6c832', '21117669905ac0216029ffe', '8403526235ac0214e05c95', NULL, NULL, NULL, '10245427695ac0218d21614', '2018-04-02 16:55:37', '2018-03-13 14:46:03'),
('11139196915ac01e1c719cd', 'Clitocybe odora \r\n', 'Clitocybe odorant\r\n', '15387377755ac0216d4eaf7', '21117669905ac0216029ffe', '5043900435ac0214dec836', NULL, NULL, NULL, '10245427695ac0218d21614', '2018-04-02 16:55:37', '2018-03-13 14:45:48'),
('11155610175ac01e1c403e3', 'Clitocybe metachroa \r\n', 'Clitocybe à centre brun\r\n', '17589158415ac0216d6c832', '21117669905ac0216029ffe', '8403526235ac0214e05c95', NULL, NULL, NULL, '10245427695ac0218d21614', '2018-04-02 16:55:37', '2018-03-13 14:45:47'),
('11182657265ac01e2d8bcfa', 'Russula betularum \r\n', 'Russule émétique des bouleaux \r\n', '5420982905ac0216d28459', '21117669905ac0216029ffe', '8414782745ac0214e26851', NULL, NULL, NULL, '10245427695ac0218d21614', '2018-04-02 16:55:37', '2018-03-13 14:45:57'),
('11213485235ac01e2848cd7', 'Postia stiptica \r\n', 'Polypore astringent \r\n', '17589158415ac0216d6c832', '21117669905ac0216029ffe', '8403526235ac0214e05c95', NULL, NULL, NULL, '10245427695ac0218d21614', '2018-04-02 16:55:37', '2018-03-13 14:45:54'),
('11217965895ac01e286a7a5', 'Otidea onotica \r\n', 'Oreille d’âne \r\n', '5420982905ac0216d28459', '21117669905ac0216029ffe', '6165814045ac0214d4ab0a', NULL, NULL, NULL, '10245427695ac0218d21614', '2018-04-02 16:55:37', '2018-03-13 14:45:54'),
('11229742465ac01e22d2964', 'Lactarius turpis \r\n', 'Lactaire plombé \r\n', '5420982905ac0216d28459', '21117669905ac0216029ffe', '8403526235ac0214e05c95', NULL, NULL, NULL, '10245427695ac0218d21614', '2018-04-02 16:55:37', '2018-03-13 14:45:51'),
('11262535945ac01e23df495', 'Leccinum melaneum \r\n', 'Bolet rude noirâtre \r\n', '15387377755ac0216d4eaf7', '21117669905ac0216029ffe', '8414782745ac0214e26851', NULL, NULL, NULL, '10245427695ac0218d21614', '2018-04-02 16:55:37', '2018-03-13 14:45:51'),
('11313457265ac01e3086c9c', 'Auricularia mesenterica \r\n', 'Oreille poilue\r\n', '17589158415ac0216d6c832', '21117669905ac0216029ffe', '6165814045ac0214d4ab0a', NULL, NULL, NULL, '10245427695ac0218d21614', '2018-04-02 16:55:37', '2018-03-13 14:45:45'),
('11399720105ac01e21407c6', 'Lactarius fluens \r\n', 'Lactaire pisse-lait\r\n', '17589158415ac0216d6c832', '21117669905ac0216029ffe', '1931148165ac0214de160d', NULL, NULL, NULL, '10245427695ac0218d21614', '2018-04-02 16:55:37', '2018-03-13 14:45:50'),
('11405382345ac01e34e4fc0', 'Tricholomella leucocephala \r\n', 'Calocybe à tête blanche\r\n', '15387377755ac0216d4eaf7', '21117669905ac0216029ffe', '6165814045ac0214d4ab0a', NULL, NULL, NULL, '10245427695ac0218d21614', '2018-04-02 16:55:37', '2018-03-13 14:45:46'),
('11445894985ac01e2aa7468', 'Pholiota scamba \r\n', 'Pholiote soyeuse \r\n', '2344341035ac0216d850a5', '21117669905ac0216029ffe', '8403526235ac0214e05c95', NULL, NULL, NULL, '10245427695ac0218d21614', '2018-04-02 16:55:37', '2018-03-13 14:45:55'),
('11527131755ac01e2dc2734', 'Russula cuprea \r\n', 'Russule cuivrée \r\n', '5420982905ac0216d28459', '21117669905ac0216029ffe', '6165814045ac0214d4ab0a', NULL, NULL, NULL, '10245427695ac0218d21614', '2018-04-02 16:55:37', '2018-03-13 14:45:57'),
('11527433315ac01e23ab85e', 'Leccinum crocipodium \r\n', 'Bolet craquelé \r\n', '15387377755ac0216d4eaf7', '21117669905ac0216029ffe', '16310565925ac0214e48085', NULL, NULL, NULL, '10245427695ac0218d21614', '2018-04-02 16:55:37', '2018-03-13 14:45:51'),
('11577172655ac01e247102d', 'Leotia lubrica \r\n', 'Léotie visqueuse \r\n', '5420982905ac0216d28459', '11854696015ac02160647aa', '15649313345ac0214dc8d01', 'Endroits humides. \r\n', NULL, NULL, '10245427695ac0218d21614', '2018-04-02 16:55:37', '2018-03-13 14:45:52'),
('11601932125ac01e2da1b9c', 'Russula cavipes \r\n', 'Russule à pied creux \r\n', '17589158415ac0216d6c832', '21117669905ac0216029ffe', '8403526235ac0214e05c95', NULL, NULL, NULL, '10245427695ac0218d21614', '2018-04-02 16:55:37', '2018-03-13 14:45:57'),
('11619040815ac01e2548c82', 'Lepista personata \r\n', 'Pied-violet \r\n', '18896956635ac0216d7a88f', '21117669905ac0216029ffe', '3395889465ac0214d91a27', NULL, NULL, NULL, '10245427695ac0218d21614', '2018-04-02 16:55:37', '2018-03-13 14:45:52'),
('11620346145ac01e2e8b5e7', 'Russula fellea \r\n', 'Russule fiel \r\n', '17589158415ac0216d6c832', '21117669905ac0216029ffe', '6165814045ac0214d4ab0a', NULL, NULL, NULL, '10245427695ac0218d21614', '2018-04-02 16:55:37', '2018-03-13 14:45:58'),
('11625571605ac01e23c1309', 'Amanita battarrae \r\n', 'Amanite à cocarde\r\n', '18896956635ac0216d7a88f', '21117669905ac0216029ffe', '5043900435ac0214dec836', NULL, NULL, NULL, '10245427695ac0218d21614', '2018-04-02 16:55:37', '2018-03-13 14:45:44'),
('1162698555ac01e353ff05', 'Cantharellus amethysteus \r\n', 'Chanterelle améthyste\r\n', '15387377755ac0216d4eaf7', '21117669905ac0216029ffe', '5043900435ac0214dec836', NULL, NULL, NULL, '10245427695ac0218d21614', '2018-04-02 16:55:38', '2018-03-13 14:45:46'),
('11645324815ac01e253c1c1', 'Amanita francheti \r\n', 'Amanite à voile jaune\r\n', '18896956635ac0216d7a88f', '21117669905ac0216029ffe', '6165814045ac0214d4ab0a', NULL, NULL, NULL, '10245427695ac0218d21614', '2018-04-02 16:55:38', '2018-03-13 14:45:44'),
('11670033745ac01e2c06bdf', 'Polyporus brumalis \r\n', 'Polypore d’hiver \r\n', '17589158415ac0216d6c832', '21117669905ac0216029ffe', '6165814045ac0214d4ab0a', NULL, NULL, NULL, '10245427695ac0218d21614', '2018-04-02 16:55:38', '2018-03-13 14:45:56'),
('11681617155ac01e20c4817', 'Lactarius blennius var. viridis \r\n', 'Lactaire muqueux, variété verte\r\n', '5420982905ac0216d28459', '21117669905ac0216029ffe', '1931148165ac0214de160d', NULL, NULL, NULL, '10245427695ac0218d21614', '2018-04-02 16:55:38', '2018-03-13 14:45:50'),
('11692367875ac01e28da5d5', 'Panellus serotinus \r\n', 'Faux pleurote à lames abricot \r\n', '17589158415ac0216d6c832', '21117669905ac0216029ffe', '6165814045ac0214d4ab0a', NULL, NULL, NULL, '10245427695ac0218d21614', '2018-04-02 16:55:38', '2018-03-13 14:45:54'),
('11717675435ac01e1db8167', 'Agaricus porphyrizon \r\n', 'Agaric porphyre\r\n', '15387377755ac0216d4eaf7', '21117669905ac0216029ffe', '5043900435ac0214dec836', NULL, NULL, NULL, '10245427695ac0218d21614', '2018-04-02 16:55:38', '2018-03-13 14:45:43'),
('11751120405ac01e2719295', 'Marasmius wyneae \r\n', 'Marasme globuleux \r\n', '17589158415ac0216d6c832', '11854696015ac02160647aa', '15649313345ac0214dc8d01', 'Sur feuilles et débris de bois. \r\n', NULL, NULL, '10245427695ac0218d21614', '2018-04-02 16:55:38', '2018-03-13 14:45:53'),
('11751856555ac01e31f2764', 'Strobilomyces strobilaceus \r\n', 'Bolet pomme de pin \r\n', '17589158415ac0216d6c832', '21117669905ac0216029ffe', '6165814045ac0214d4ab0a', NULL, NULL, NULL, '10245427695ac0218d21614', '2018-04-02 16:55:38', '2018-03-13 14:46:02'),
('11768252445ac01e32098c2', 'Stropharia aeruginosa \r\n', 'Strophaire vert-de-gris \r\n', '5420982905ac0216d28459', '21117669905ac0216029ffe', '5043900435ac0214dec836', NULL, NULL, NULL, '10245427695ac0218d21614', '2018-04-02 16:55:38', '2018-03-13 14:46:02'),
('11770668855ac01e2fada48', 'Russula ochroleuca \r\n', 'Russule ocre et blanche \r\n', '17589158415ac0216d6c832', '21117669905ac0216029ffe', '5043900435ac0214dec836', NULL, NULL, NULL, '10245427695ac0218d21614', '2018-04-02 16:55:38', '2018-03-13 14:45:59'),
('11778978335ac01e1babee9', 'Cortinarius bulbosus \r\n', 'Cortinaire bulbeux\r\n', '17589158415ac0216d6c832', '21117669905ac0216029ffe', '6165814045ac0214d4ab0a', NULL, NULL, NULL, '10245427695ac0218d21614', '2018-04-02 16:55:38', '2018-03-13 14:45:47'),
('11816157615ac01e3318dfa', 'Butyriboletus appendiculatus \r\n', 'Bolet appendiculé\r\n', '18896956635ac0216d7a88f', '21117669905ac0216029ffe', '6165814045ac0214d4ab0a', NULL, NULL, NULL, '10245427695ac0218d21614', '2018-04-02 16:55:38', '2018-03-13 14:45:46'),
('11817731775ac01e2d734b3', 'Russula integra \r\n', 'Russule des épicéas \r\n', '15387377755ac0216d4eaf7', '21117669905ac0216029ffe', '8403526235ac0214e05c95', NULL, NULL, NULL, '10245427695ac0218d21614', '2018-04-02 16:55:38', '2018-03-13 14:45:57'),
('11826606505ac01e1f8f30b', 'Agaricus sylvicola \r\n', 'Agaric anisé des bois\r\n', '2344341035ac0216d850a5', '21117669905ac0216029ffe', '5043900435ac0214dec836', NULL, NULL, NULL, '10245427695ac0218d21614', '2018-04-02 16:55:38', '2018-03-13 14:45:44'),
('11838860855ac01e2033c93', 'Laccaria laccata \r\n', 'Laccaire laqué\r\n', '15387377755ac0216d4eaf7', '21117669905ac0216029ffe', '5043900435ac0214dec836', NULL, NULL, NULL, '10245427695ac0218d21614', '2018-04-02 16:55:38', '2018-03-13 14:45:50'),
('11883402675ac01e33bf48f', 'Boletus depilatus \r\n', 'Bolet chauve\r\n', '15387377755ac0216d4eaf7', '21117669905ac0216029ffe', '6165814045ac0214d4ab0a', NULL, NULL, NULL, '10245427695ac0218d21614', '2018-04-02 16:55:38', '2018-03-13 14:45:46'),
('11888180145ac01e24d8d86', 'Lepiota magnispora \r\n', 'Lépiote à voile jaune \r\n', '17589158415ac0216d6c832', '21117669905ac0216029ffe', '5043900435ac0214dec836', NULL, NULL, NULL, '10245427695ac0218d21614', '2018-04-02 16:55:38', '2018-03-13 14:45:52'),
('11901681855ac01e242747a', 'Lentinellus cochleatus var. inolens \r\n', 'Lentin en colimaçon, variété inodore\r\n', '15387377755ac0216d4eaf7', '21117669905ac0216029ffe', '6165814045ac0214d4ab0a', NULL, NULL, NULL, '10245427695ac0218d21614', '2018-04-02 16:55:38', '2018-03-13 14:45:52'),
('11917136015ac01e217f588', 'Lactarius hepaticus \r\n', 'Lactaire hépatique\r\n', '17589158415ac0216d6c832', '21117669905ac0216029ffe', '398009485ac0214e3195e', NULL, NULL, NULL, '10245427695ac0218d21614', '2018-04-02 16:55:38', '2018-03-13 14:45:50'),
('11955160295ac01e2288c87', 'Lactarius ruginosus \r\n', 'Lactaire festonné\r\n', '17589158415ac0216d6c832', '21117669905ac0216029ffe', '1931148165ac0214de160d', NULL, NULL, NULL, '10245427695ac0218d21614', '2018-04-02 16:55:38', '2018-03-13 14:45:51'),
('11982936095ac01e2c97f79', 'Rhodocybe gemina \r\n', 'Rhodocybe tronqué \r\n', '15387377755ac0216d4eaf7', '21117669905ac0216029ffe', '5043900435ac0214dec836', NULL, NULL, NULL, '10245427695ac0218d21614', '2018-04-02 16:55:38', '2018-03-13 14:45:56'),
('1200122095ac01e201df67', 'Laccaria amethystina \r\n', 'Laccaire améthyste\r\n', '15387377755ac0216d4eaf7', '21117669905ac0216029ffe', '5043900435ac0214dec836', NULL, NULL, NULL, '10245427695ac0218d21614', '2018-04-02 16:55:38', '2018-03-13 14:45:50'),
('12005105565ac01e26ade7e', 'Amanita lividopallescens \r\n', 'Amanite livide\r\n', '5420982905ac0216d28459', '11508217045ac0216085364', '15649313345ac0214dc8d01', 'Bois, lieux clairs. \r\n', NULL, NULL, '10245427695ac0218d21614', '2018-04-02 16:55:38', '2018-03-13 14:45:44'),
('1202103395ac01e218a5a6', 'Agrocybe erebia \r\n', 'Agrocybe ténébreuse\r\n', '17589158415ac0216d6c832', '21117669905ac0216029ffe', '6165814045ac0214d4ab0a', NULL, NULL, NULL, '10245427695ac0218d21614', '2018-04-02 16:55:39', '2018-03-13 14:45:44'),
('12040690225ac01e3529da8', 'Crucibulum laeve \r\n', 'Crucibule lisse\r\n', '17589158415ac0216d6c832', '11854696015ac02160647aa', '15649313345ac0214dc8d01', 'Sur bois mort. \r\n', NULL, NULL, '10245427695ac0218d21614', '2018-04-02 16:55:39', '2018-03-13 14:45:46'),
('12069390955ac01e1ce99fb', 'Gymnopus confluens \r\n', 'Collybie en touffes\r\n', '17589158415ac0216d6c832', '21117669905ac0216029ffe', '5043900435ac0214dec836', NULL, NULL, NULL, '10245427695ac0218d21614', '2018-04-02 16:55:39', '2018-03-13 14:45:48'),
('12090180115ac01e29ae482', 'Phellodon confluens \r\n', 'Hydne confluent \r\n', '17589158415ac0216d6c832', '21117669905ac0216029ffe', '6165814045ac0214d4ab0a', NULL, NULL, NULL, '10245427695ac0218d21614', '2018-04-02 16:55:39', '2018-03-13 14:45:55'),
('12146525935ac01e3260f97', 'Suillus granulatus \r\n', 'Bolet granulé \r\n', '2344341035ac0216d850a5', '21117669905ac0216029ffe', '398009485ac0214e3195e', NULL, NULL, NULL, '10245427695ac0218d21614', '2018-04-02 16:55:39', '2018-03-13 14:46:02'),
('12176673815ac01e1c92599', 'Clitocybe rivulosa \r\n', 'Clitocybe dit du bord des  routes\r\n', '5420982905ac0216d28459', '21117669905ac0216029ffe', '5043900435ac0214dec836', NULL, NULL, NULL, '10245427695ac0218d21614', '2018-04-02 16:55:39', '2018-03-13 14:45:48'),
('12188316095ac01e2a37689', 'Pholiota flammans \r\n', 'Pholiote flamboyante \r\n', '2344341035ac0216d850a5', '21117669905ac0216029ffe', '8403526235ac0214e05c95', NULL, NULL, NULL, '10245427695ac0218d21614', '2018-04-02 16:55:39', '2018-03-13 14:45:55'),
('12192598925ac01e302ce18', 'Russula risigallina \r\n', 'Russule caméléon \r\n', '15387377755ac0216d4eaf7', '21117669905ac0216029ffe', '5043900435ac0214dec836', NULL, NULL, NULL, '10245427695ac0218d21614', '2018-04-02 16:55:39', '2018-03-13 14:46:00'),
('12229224155ac01e29643a4', 'Peziza vesiculosa \r\n', 'Pezize vésiculeuse \r\n', '15387377755ac0216d4eaf7', '11854696015ac02160647aa', '15649313345ac0214dc8d01', 'Sur paille, compost, etc. \r\n', NULL, NULL, '10245427695ac0218d21614', '2018-04-02 16:55:39', '2018-03-13 14:45:54'),
('12229757955ac01e1fd102e', 'Pseudoinonotus dryadeus \r\n', 'Polypore larmoyant\r\n', '17589158415ac0216d6c832', '21117669905ac0216029ffe', '16310565925ac0214e48085', NULL, NULL, NULL, '10245427695ac0218d21614', '2018-04-02 16:55:39', '2018-03-13 14:45:49'),
('12242407005ac01e21174b1', 'Lactarius deliciosus \r\n', 'Lactaire délicieux\r\n', '15387377755ac0216d4eaf7', '21117669905ac0216029ffe', '398009485ac0214e3195e', NULL, NULL, NULL, '10245427695ac0218d21614', '2018-04-02 16:55:39', '2018-03-13 14:45:50'),
('12266322365ac01e26a2f6a', 'Marasmiellus ramealis \r\n', 'Marasme des ramilles \r\n', '17589158415ac0216d6c832', '11854696015ac02160647aa', '15649313345ac0214dc8d01', 'Sur rameaux de feuilles et brindilles. \r\n', NULL, NULL, '10245427695ac0218d21614', '2018-04-02 16:55:39', '2018-03-13 14:45:53'),
('12282113965ac01e1b0ff9b', 'Chamaemyces fracidus \r\n', 'Lépiote à pied tavelé\r\n', '17589158415ac0216d6c832', '21117669905ac0216029ffe', '11769041325ac0214dbdee3', NULL, NULL, NULL, '10245427695ac0218d21614', '2018-04-02 16:55:39', '2018-03-13 14:45:47'),
('12290890905ac01e32696c9', 'Suillus grevillei \r\n', 'Bolet élégant\r\n', '15387377755ac0216d4eaf7', '21117669905ac0216029ffe', '11945630565ac0214d86e3d', NULL, NULL, NULL, '10245427695ac0218d21614', '2018-04-02 16:55:39', '2018-03-13 14:46:02'),
('12307210185ac01e2ade57a', 'Rigidoporus sanguinolentus \r\n', 'Polypore sanguinolent \r\n', '17589158415ac0216d6c832', '21117669905ac0216029ffe', '8414782745ac0214e26851', NULL, NULL, NULL, '10245427695ac0218d21614', '2018-04-02 16:55:39', '2018-03-13 14:45:55'),
('12337153545ac01e296c783', 'Phaeolus schweinitzii \r\n', 'Polypore de Schweinitz \r\n', '17589158415ac0216d6c832', '21117669905ac0216029ffe', '8403526235ac0214e05c95', NULL, NULL, NULL, '10245427695ac0218d21614', '2018-04-02 16:55:39', '2018-03-13 14:45:54'),
('12372708615ac01e28cf768', 'Panellus mitis \r\n', 'Panelle doux  \r\n', '17589158415ac0216d6c832', '21117669905ac0216029ffe', '8403526235ac0214e05c95', NULL, NULL, NULL, '10245427695ac0218d21614', '2018-04-02 16:55:39', '2018-03-13 14:45:54'),
('12422666875ac01e3367f96', 'Tricholoma acerbum \r\n', 'Tricholome âpre\r\n', '17589158415ac0216d6c832', '21117669905ac0216029ffe', '6165814045ac0214d4ab0a', NULL, NULL, NULL, '10245427695ac0218d21614', '2018-04-02 16:55:39', '2018-03-13 14:46:03'),
('12438680515ac01e2bc28f1', 'Pluteus salicinus \r\n', 'Plutée du saule \r\n', '5420982905ac0216d28459', '21117669905ac0216029ffe', '6165814045ac0214d4ab0a', NULL, NULL, NULL, '10245427695ac0218d21614', '2018-04-02 16:55:39', '2018-03-13 14:45:56'),
('12497966735ac01e21a5a5e', 'Lactarius lacunarum \r\n', 'Lactaire des bourbiers\r\n', '17589158415ac0216d6c832', '11508217045ac0216085364', '15649313345ac0214dc8d01', 'Lieux humides. \r\n', NULL, NULL, '10245427695ac0218d21614', '2018-04-02 16:55:39', '2018-03-13 14:45:50'),
('12509092245ac01e3417f5e', 'Tricholoma columbetta \r\n', 'Tricholome colombette\r\n', '15387377755ac0216d4eaf7', '21117669905ac0216029ffe', '6165814045ac0214d4ab0a', NULL, NULL, NULL, '10245427695ac0218d21614', '2018-04-02 16:55:39', '2018-03-13 14:46:04'),
('12522127005ac01e2724c30', 'Megacollybia platyphylla \r\n', 'Collybie à lames larges\r\n', '5420982905ac0216d28459', '21117669905ac0216029ffe', '6165814045ac0214d4ab0a', NULL, NULL, NULL, '10245427695ac0218d21614', '2018-04-02 16:55:39', '2018-03-13 14:45:53'),
('12575395785ac01e3009332', 'Aureoboletus gentilis \r\n', 'Bolet cramoisi\r\n', '15387377755ac0216d4eaf7', '21117669905ac0216029ffe', '6165814045ac0214d4ab0a', NULL, NULL, NULL, '10245427695ac0218d21614', '2018-04-02 16:55:39', '2018-03-13 14:45:45'),
('1260949745ac01e2b2b9c5', 'Pleurotus eryngii \r\n', 'Pleurote du panicaut \r\n', '18896956635ac0216d7a88f', '11854696015ac02160647aa', '15649313345ac0214dc8d01', 'Sur racines de panicauts \r\n', NULL, NULL, '10245427695ac0218d21614', '2018-04-02 16:55:39', '2018-03-13 14:45:55'),
('12644344045ac01e3393a04', 'Tricholoma atrosquamosum \r\n', 'Tricholome à squames noires \r\n', '15387377755ac0216d4eaf7', '21117669905ac0216029ffe', '6165814045ac0214d4ab0a', NULL, NULL, NULL, '10245427695ac0218d21614', '2018-04-02 16:55:40', '2018-03-13 14:46:03'),
('12647082655ac01e1d00674', 'Craterellus sinuosus \r\n', 'Craterelle sinueuse\r\n', '15387377755ac0216d4eaf7', '21117669905ac0216029ffe', '6165814045ac0214d4ab0a', NULL, NULL, NULL, '10245427695ac0218d21614', '2018-04-02 16:55:40', '2018-03-13 14:45:48'),
('12679178535ac01e1c2abf5', 'Clitocybe inornata \r\n', 'Clitocybe à odeur de  poisson\r\n', '17589158415ac0216d6c832', '21117669905ac0216029ffe', '5043900435ac0214dec836', NULL, NULL, NULL, '10245427695ac0218d21614', '2018-04-02 16:55:40', '2018-03-13 14:45:47'),
('12705281805ac01e2943d75', 'Peziza cerea \r\n', 'Pezize cireuse \r\n', '17589158415ac0216d6c832', '11854696015ac02160647aa', '15649313345ac0214dc8d01', 'Sur débris humides. \r\n', NULL, NULL, '10245427695ac0218d21614', '2018-04-02 16:55:40', '2018-03-13 14:45:54'),
('12736122215ac01e2a8690a', 'Pholiota lucifera \r\n', 'Pholiote lumineuse \r\n', '2344341035ac0216d850a5', '21117669905ac0216029ffe', '6165814045ac0214d4ab0a', NULL, NULL, NULL, '10245427695ac0218d21614', '2018-04-02 16:55:40', '2018-03-13 14:45:55'),
('12747300855ac01e2d2a116', 'Russula amoena \r\n', 'Russule veloutée \r\n', '15387377755ac0216d4eaf7', '21117669905ac0216029ffe', '5043900435ac0214dec836', NULL, NULL, NULL, '10245427695ac0218d21614', '2018-04-02 16:55:40', '2018-03-13 14:45:57'),
('12754112435ac01e1eb0b9f', 'Agaricus dulcidulus \r\n', 'Agaric douceâtre\r\n', '15387377755ac0216d4eaf7', '21117669905ac0216029ffe', '5043900435ac0214dec836', NULL, NULL, NULL, '10245427695ac0218d21614', '2018-04-02 16:55:40', '2018-03-13 14:45:44'),
('1277611955ac01e2d34a69', 'Russula anthracina \r\n', 'Russule anthracite \r\n', '17589158415ac0216d6c832', '21117669905ac0216029ffe', '5043900435ac0214dec836', NULL, NULL, NULL, '10245427695ac0218d21614', '2018-04-02 16:55:40', '2018-03-13 14:45:57'),
('12807526105ac01e2f79d3a', 'Russula nobilis \r\n', 'Russule émétique compacte \r\n', '5420982905ac0216d28459', '21117669905ac0216029ffe', '1931148165ac0214de160d', NULL, NULL, NULL, '10245427695ac0218d21614', '2018-04-02 16:55:40', '2018-03-13 14:45:59'),
('12877287715ac01e350bd66', 'Calocybe gambosa \r\n', 'Avrillot\r\n', '18896956635ac0216d7a88f', '21117669905ac0216029ffe', '5043900435ac0214dec836', NULL, NULL, NULL, '10245427695ac0218d21614', '2018-04-02 16:55:40', '2018-03-13 14:45:46'),
('12897958095ac01e2ead701', 'Russula fragilis \r\n', 'Russule fragile \r\n', '5420982905ac0216d28459', '21117669905ac0216029ffe', '5043900435ac0214dec836', NULL, NULL, NULL, '10245427695ac0218d21614', '2018-04-02 16:55:40', '2018-03-13 14:45:58'),
('1294705385ac01e346f9a3', 'Suillelus queletii \r\n', 'Bolet de Quélet\r\n', '5420982905ac0216d28459', '21117669905ac0216029ffe', '6165814045ac0214d4ab0a', NULL, NULL, NULL, '10245427695ac0218d21614', '2018-04-02 16:55:40', '2018-03-13 14:45:46'),
('12991378705ac01e34bbb90', 'Calocera cornea \r\n', 'Calocère en forme de corne\r\n', '17589158415ac0216d6c832', '21117669905ac0216029ffe', '6165814045ac0214d4ab0a', NULL, NULL, NULL, '10245427695ac0218d21614', '2018-04-02 16:55:40', '2018-03-13 14:45:46'),
('1303586055ac01e251041b', 'Psathyrella multipedata\r\n', 'Psathyrelle à pieds multiples \r\n', '17589158415ac0216d6c832', '21117669905ac0216029ffe', '6165814045ac0214d4ab0a', NULL, NULL, NULL, '10245427695ac0218d21614', '2018-04-02 16:55:40', '2018-03-13 14:45:52'),
('1306578225ac01e2e6d548', 'Russula exalbicans \r\n', 'Russule pâlissante \r\n', '17589158415ac0216d6c832', '21117669905ac0216029ffe', '8414782745ac0214e26851', NULL, NULL, NULL, '10245427695ac0218d21614', '2018-04-02 16:55:40', '2018-03-13 14:45:58'),
('13089645195ac01e33a974c', 'Tricholoma caligatum \r\n', 'Tricholome chaussé \r\n', '17589158415ac0216d6c832', '21117669905ac0216029ffe', '398009485ac0214e3195e', NULL, NULL, NULL, '10245427695ac0218d21614', '2018-04-02 16:55:40', '2018-03-13 14:46:03'),
('13106532245ac01e23e7795', 'Boletus piceinus \r\n', 'Bolet rude des épicéas \r\n', '15387377755ac0216d4eaf7', '21117669905ac0216029ffe', '12302707155ac0214e1bc1a', NULL, NULL, NULL, '10245427695ac0218d21614', '2018-04-02 16:55:40', '2018-03-13 14:45:52'),
('13119302265ac01e20b3f7b', 'Lactarius badiosanguineus \r\n', 'Lactaire rouge sombre\r\n', '17589158415ac0216d6c832', '21117669905ac0216029ffe', '8403526235ac0214e05c95', NULL, NULL, NULL, '10245427695ac0218d21614', '2018-04-02 16:55:40', '2018-03-13 14:45:50'),
('13193997265ac01e2d3f867', 'Russula aquosa \r\n', 'Russule aqueuse \r\n', '17589158415ac0216d6c832', '21117669905ac0216029ffe', '5043900435ac0214dec836', NULL, NULL, NULL, '10245427695ac0218d21614', '2018-04-02 16:55:40', '2018-03-13 14:45:57'),
('13239252425ac01e1f844e2', 'Agaricus urinascens \r\n', 'Agaric géant des prés\r\n', '2344341035ac0216d850a5', '21117669905ac0216029ffe', '3395889465ac0214d91a27', NULL, NULL, NULL, '10245427695ac0218d21614', '2018-04-02 16:55:40', '2018-03-13 14:45:43'),
('133255355ac01e29d4881', 'Mycoacia uda \r\n', 'Phlebia humide\r\n', '17589158415ac0216d6c832', '21117669905ac0216029ffe', '6165814045ac0214d4ab0a', NULL, NULL, NULL, '10245427695ac0218d21614', '2018-04-02 16:55:40', '2018-03-13 14:45:55'),
('13394100265ac01e2959966', 'Peziza succosa \r\n', 'Pezize à suc jaune \r\n', '17589158415ac0216d6c832', '21117669905ac0216029ffe', '5043900435ac0214dec836', NULL, NULL, NULL, '10245427695ac0218d21614', '2018-04-02 16:55:40', '2018-03-13 14:45:54'),
('13455778485ac01e2abad0a', 'Pholiota squarrosa \r\n', 'Pholiote écailleuse \r\n', '5420982905ac0216d28459', '19361193555ac02160a3a44', '15649313345ac0214dc8d01', 'Sur bois.\r\n', NULL, NULL, '10245427695ac0218d21614', '2018-04-02 16:55:40', '2018-03-13 14:45:55'),
('13519451385ac01e2805979', 'Mycena rosella \r\n', 'Mycène rosâtre \r\n', '17589158415ac0216d6c832', '11854696015ac02160647aa', '15649313345ac0214dc8d01', 'En troupes parmi les aiguilles. \r\n', NULL, NULL, '10245427695ac0218d21614', '2018-04-02 16:55:40', '2018-03-13 14:45:54'),
('13587290165ac01e2cc0f6e', 'Amanita strobiliformis \r\n', 'Amanite solitaire\r\n', '5420982905ac0216d28459', '21117669905ac0216029ffe', '6165814045ac0214d4ab0a', NULL, NULL, NULL, '10245427695ac0218d21614', '2018-04-02 16:55:41', '2018-03-13 14:45:44'),
('13652614035ac01e2de3211', 'Russula cyanoxantha fo. peltereaui \r\n', 'Russule charbonnière verte \r\n', '15387377755ac0216d4eaf7', '21117669905ac0216029ffe', '6165814045ac0214d4ab0a', NULL, NULL, NULL, '10245427695ac0218d21614', '2018-04-02 16:55:41', '2018-03-13 14:45:57'),
('13679728575ac01e1bbeb04', 'Clitocybe costata \r\n', 'Clitocybe côtelé\r\n', '15387377755ac0216d4eaf7', '21117669905ac0216029ffe', '8403526235ac0214e05c95', NULL, NULL, NULL, '10245427695ac0218d21614', '2018-04-02 16:55:41', '2018-03-13 14:45:47'),
('13754860455ac01e1ca7ea7', 'Clitocybe vibecina \r\n', 'Clitocybe moisi\r\n', '17589158415ac0216d6c832', '21117669905ac0216029ffe', '5043900435ac0214dec836', NULL, NULL, NULL, '10245427695ac0218d21614', '2018-04-02 16:55:41', '2018-03-13 14:45:48'),
('13844081295ac01e24e3a1c', 'Lepista flaccida \r\n', 'Clitocybe flasque \r\n', '2344341035ac0216d850a5', '21117669905ac0216029ffe', '6165814045ac0214d4ab0a', NULL, NULL, NULL, '10245427695ac0218d21614', '2018-04-02 16:55:41', '2018-03-13 14:45:52'),
('13856354085ac01e2acb762', 'Phyllotopsis nidulans \r\n', 'Pleurote nicheur \r\n', '17589158415ac0216d6c832', '21117669905ac0216029ffe', '8403526235ac0214e05c95', NULL, NULL, NULL, '10245427695ac0218d21614', '2018-04-02 16:55:41', '2018-03-13 14:45:55'),
('13883528505ac01e2af1791', 'Piptoporus betulinus \r\n', 'Polypore du bouleau \r\n', '17589158415ac0216d6c832', '21117669905ac0216029ffe', '8414782745ac0214e26851', NULL, NULL, NULL, '10245427695ac0218d21614', '2018-04-02 16:55:41', '2018-03-13 14:45:55'),
('13921905925ac01e310a8c6', 'Schizophyllum commune \r\n', 'Schizophylle commun \r\n', '17589158415ac0216d6c832', '21117669905ac0216029ffe', '6165814045ac0214d4ab0a', NULL, NULL, NULL, '10245427695ac0218d21614', '2018-04-02 16:55:41', '2018-03-13 14:46:01'),
('13929518485ac01e2a582cb', 'Pholiota gummosa \r\n', 'Pholiote gommeuse \r\n', '2344341035ac0216d850a5', '21117669905ac0216029ffe', '6165814045ac0214d4ab0a', NULL, NULL, NULL, '10245427695ac0218d21614', '2018-04-02 16:55:41', '2018-03-13 14:45:55'),
('13934497965ac01e34d4610', 'Rugosomyces chrysenteron \r\n', 'Collybie à chair jaune\r\n', '17589158415ac0216d6c832', '21117669905ac0216029ffe', '6165814045ac0214d4ab0a', NULL, NULL, NULL, '10245427695ac0218d21614', '2018-04-02 16:55:41', '2018-03-13 14:45:46'),
('1394205105ac01e2b442e6', 'Plicaturopsis crispa \r\n', 'Plicature à lames crispées \r\n', '17589158415ac0216d6c832', '21117669905ac0216029ffe', '6165814045ac0214d4ab0a', NULL, NULL, NULL, '10245427695ac0218d21614', '2018-04-02 16:55:41', '2018-03-13 14:45:56'),
('1397270365ac01e2e026d6', 'Amanita virosa \r\n', 'Amanite vireuse\r\n', '19638307355ac0216d1bf05', '21117669905ac0216029ffe', '5043900435ac0214dec836', NULL, NULL, NULL, '10245427695ac0218d21614', '2018-04-02 16:55:41', '2018-03-13 14:45:45'),
('14009514045ac01e26e461e', 'Marasmius epiphyllus \r\n', 'Marasme des feuilles \r\n', '17589158415ac0216d6c832', '11854696015ac02160647aa', '15649313345ac0214dc8d01', 'Surtout sur nervures et pétioles de feuilles. \r\n', NULL, NULL, '10245427695ac0218d21614', '2018-04-02 16:55:41', '2018-03-13 14:45:53'),
('14075180245ac01e1c1f7e4', 'Clitocybe gibba \r\n', 'Clitocybe en entonnoir\r\n', '15387377755ac0216d4eaf7', '21117669905ac0216029ffe', '5043900435ac0214dec836', NULL, NULL, NULL, '10245427695ac0218d21614', '2018-04-02 16:55:41', '2018-03-13 14:45:47'),
('14133923995ac01e1bf2ecd', 'Clitocybe ditopa \r\n', 'Clitocybe à odeur de  farine\r\n', '17589158415ac0216d6c832', '21117669905ac0216029ffe', '8403526235ac0214e05c95', NULL, NULL, NULL, '10245427695ac0218d21614', '2018-04-02 16:55:41', '2018-03-13 14:45:47'),
('14165326235ac01e292b2a8', 'Peniophora quercina \r\n', 'Peniophore du chêne \r\n', '17589158415ac0216d6c832', '21117669905ac0216029ffe', '6165814045ac0214d4ab0a', NULL, NULL, NULL, '10245427695ac0218d21614', '2018-04-02 16:55:41', '2018-03-13 14:45:54'),
('14171066285ac01e3451eee', 'Boletus pinophilus \r\n', 'Cèpe des pins\r\n', '15387377755ac0216d4eaf7', '21117669905ac0216029ffe', '5043900435ac0214dec836', NULL, NULL, NULL, '10245427695ac0218d21614', '2018-04-02 16:55:41', '2018-03-13 14:45:46'),
('14189054945ac01e2f046d9', 'Russula langei \r\n', 'Russule charbonnière à pied dur \r\n', '15387377755ac0216d4eaf7', '21117669905ac0216029ffe', '6165814045ac0214d4ab0a', NULL, NULL, NULL, '10245427695ac0218d21614', '2018-04-02 16:55:41', '2018-03-13 14:45:58'),
('14372304325ac01e1b78001', 'Clavariadelphus pistillaris \r\n', 'Clavaire en pilon\r\n', '17589158415ac0216d6c832', '21117669905ac0216029ffe', '6165814045ac0214d4ab0a', NULL, NULL, NULL, '10245427695ac0218d21614', '2018-04-02 16:55:41', '2018-03-13 14:45:47'),
('14381679865ac01e2395a78', 'Leccinum albostipitatum \r\n', 'Bolet orangé à pied blanc \r\n', '15387377755ac0216d4eaf7', '21117669905ac0216029ffe', '14548543435ac0214e10dad', NULL, NULL, NULL, '10245427695ac0218d21614', '2018-04-02 16:55:41', '2018-03-13 14:45:51'),
('14387479795ac01e2c326e3', 'Ramaria formosa \r\n', 'Ramaire jolie \r\n', '5420982905ac0216d28459', '21117669905ac0216029ffe', '6165814045ac0214d4ab0a', NULL, NULL, NULL, '10245427695ac0218d21614', '2018-04-02 16:55:41', '2018-03-13 14:45:56'),
('14449158015ac01e2c666a6', 'Ramaria pallida \r\n', 'Ramaire pâle \r\n', '5420982905ac0216d28459', '21117669905ac0216029ffe', '8403526235ac0214e05c95', NULL, NULL, NULL, '10245427695ac0218d21614', '2018-04-02 16:55:41', '2018-03-13 14:45:56'),
('14601903655ac01e1ea04ee', 'Cortinarius caerulescens \r\n', 'Cortinaire bleu outremer\r\n', '15387377755ac0216d4eaf7', '21117669905ac0216029ffe', '6165814045ac0214d4ab0a', NULL, NULL, NULL, '10245427695ac0218d21614', '2018-04-02 16:55:41', '2018-03-13 14:45:49'),
('14614552715ac01e20f2cf9', 'Lactarius cremor \r\n', 'Lactaire cannelé\r\n', '17589158415ac0216d6c832', '21117669905ac0216029ffe', '1931148165ac0214de160d', NULL, NULL, NULL, '10245427695ac0218d21614', '2018-04-02 16:55:41', '2018-03-13 14:45:50'),
('14640987115ac01e28c4863', 'Psathyrella cotonea \r\n', 'Psathyrelle cotonneuse \r\n', '17589158415ac0216d6c832', '21117669905ac0216029ffe', '6165814045ac0214d4ab0a', NULL, NULL, NULL, '10245427695ac0218d21614', '2018-04-02 16:55:42', '2018-03-13 14:45:54'),
('14657456975ac01e1d80858', 'Coprinellus micaceus \r\n', 'Coprin micacé\r\n', '2344341035ac0216d850a5', '21117669905ac0216029ffe', '6165814045ac0214d4ab0a', NULL, NULL, NULL, '10245427695ac0218d21614', '2018-04-02 16:55:42', '2018-03-13 14:45:48'),
('1469403775ac01e241f0e4', 'Lentinellus cochleatus \r\n', 'Lentin en colimaçon \r\n', '15387377755ac0216d4eaf7', '21117669905ac0216029ffe', '6165814045ac0214d4ab0a', NULL, NULL, NULL, '10245427695ac0218d21614', '2018-04-02 16:55:42', '2018-03-13 14:45:52'),
('14809756015ac01e26284c9', 'Amanita gemmata \r\n', 'Amanite jonquille\r\n', '5420982905ac0216d28459', '21117669905ac0216029ffe', '5043900435ac0214dec836', NULL, NULL, NULL, '10245427695ac0218d21614', '2018-04-02 16:55:42', '2018-03-13 14:45:44'),
('14819899345ac01e200826c', 'Kuehneromyces mutabilis \r\n', 'Pholiote changeante\r\n', '15387377755ac0216d4eaf7', '21117669905ac0216029ffe', '6165814045ac0214d4ab0a', NULL, NULL, NULL, '10245427695ac0218d21614', '2018-04-02 16:55:42', '2018-03-13 14:45:50'),
('14838350215ac01e30b256e', 'Russula xerampelina \r\n', 'Russule écrevisse \r\n', '15387377755ac0216d4eaf7', '21117669905ac0216029ffe', '8403526235ac0214e05c95', NULL, NULL, NULL, '10245427695ac0218d21614', '2018-04-02 16:55:42', '2018-03-13 14:46:00'),
('14842029425ac01e21535e1', 'Lactarius fuliginosus \r\n', 'Lactaire fuligineux\r\n', '17589158415ac0216d6c832', '21117669905ac0216029ffe', '6165814045ac0214d4ab0a', NULL, NULL, NULL, '10245427695ac0218d21614', '2018-04-02 16:55:42', '2018-03-13 14:45:50'),
('14848239905ac01e2cd9e1d', 'Russula aeruginea \r\n', 'Russule vert-de-gris \r\n', '18896956635ac0216d7a88f', '21117669905ac0216029ffe', '8403526235ac0214e05c95', NULL, NULL, NULL, '10245427695ac0218d21614', '2018-04-02 16:55:42', '2018-03-13 14:45:56'),
('14914673815ac01e1e1af3e', 'Cortinarius armillatus \r\n', 'Cortinaire à bracelets\r\n', '15387377755ac0216d4eaf7', '21117669905ac0216029ffe', '8414782745ac0214e26851', NULL, NULL, NULL, '10245427695ac0218d21614', '2018-04-02 16:55:42', '2018-03-13 14:45:48'),
('14920432705ac01e1b67478', 'Clavaria fragilis \r\n', 'Clavaire fragile\r\n', '17589158415ac0216d6c832', '21117669905ac0216029ffe', '11769041325ac0214dbdee3', NULL, NULL, NULL, '10245427695ac0218d21614', '2018-04-02 16:55:42', '2018-03-13 14:45:47'),
('14955273135ac01e1ed184e', 'Inocybe agardhii \r\n', 'Inocybe d Agardh\r\n', '5420982905ac0216d28459', '21117669905ac0216029ffe', '8414782745ac0214e26851', NULL, NULL, NULL, '10245427695ac0218d21614', '2018-04-02 16:55:42', '2018-03-13 14:45:49'),
('14993820375ac01e2098de0', 'Lactarius azonites \r\n', 'Lactaire à pied blanc\r\n', '17589158415ac0216d6c832', '21117669905ac0216029ffe', '6165814045ac0214d4ab0a', NULL, NULL, NULL, '10245427695ac0218d21614', '2018-04-02 16:55:42', '2018-03-13 14:45:50'),
('15008635415ac01e319b6aa', 'Spathularia flavida \r\n', 'Spathulaire jaune\r\n', '2344341035ac0216d850a5', '21117669905ac0216029ffe', '8403526235ac0214e05c95', NULL, NULL, NULL, '10245427695ac0218d21614', '2018-04-02 16:55:42', '2018-03-13 14:46:01'),
('1514345825ac01e27dbabb', 'Mycena polygramma \r\n', 'Mycène à pied strié \r\n', '15387377755ac0216d4eaf7', '21117669905ac0216029ffe', '6165814045ac0214d4ab0a', NULL, NULL, NULL, '10245427695ac0218d21614', '2018-04-02 16:55:42', '2018-03-13 14:45:54'),
('1519200545ac01e2ab2882', 'Pholiota spumosa \r\n', 'Pholiote baveuse \r\n', '2344341035ac0216d850a5', '21117669905ac0216029ffe', '8403526235ac0214e05c95', NULL, NULL, NULL, '10245427695ac0218d21614', '2018-04-02 16:55:42', '2018-03-13 14:45:55'),
('15198996605ac01e304bc52', 'Auricularia auricula-judae \r\n', 'Oreille-de-Judas\r\n', '5420982905ac0216d28459', '21117669905ac0216029ffe', '6165814045ac0214d4ab0a', NULL, NULL, NULL, '10245427695ac0218d21614', '2018-04-02 16:55:42', '2018-03-13 14:45:45'),
('15225121075ac01e27a7b79', 'Amanita muscaria \r\n', 'Amanite tue-mouches\r\n', '5420982905ac0216d28459', '21117669905ac0216029ffe', '5043900435ac0214dec836', NULL, NULL, NULL, '10245427695ac0218d21614', '2018-04-02 16:55:42', '2018-03-13 14:45:44'),
('15317884255ac01e27c03b1', 'Mycena inclinata \r\n', 'Mycène inclinée \r\n', '17589158415ac0216d6c832', '21117669905ac0216029ffe', '6165814045ac0214d4ab0a', NULL, NULL, NULL, '10245427695ac0218d21614', '2018-04-02 16:55:42', '2018-03-13 14:45:54'),
('15411393955ac01e32d3a9e', 'Boletus reticulatus \r\n', 'Cèpe d’été\r\n', '15387377755ac0216d4eaf7', '21117669905ac0216029ffe', '6165814045ac0214d4ab0a', NULL, NULL, NULL, '10245427695ac0218d21614', '2018-04-02 16:55:42', '2018-03-13 14:45:46'),
('15455112945ac01e212a770', 'Lactarius evosmus \r\n', 'Lactaire à odeur de pomme\r\n', '17589158415ac0216d6c832', '21117669905ac0216029ffe', '6165814045ac0214d4ab0a', NULL, NULL, NULL, '10245427695ac0218d21614', '2018-04-02 16:55:42', '2018-03-13 14:45:50'),
('15511405385ac01e270e73a', 'Marasmius rotula \r\n', 'Marasme petite roue \r\n', '17589158415ac0216d6c832', '21117669905ac0216029ffe', '6165814045ac0214d4ab0a', NULL, NULL, NULL, '10245427695ac0218d21614', '2018-04-02 16:55:42', '2018-03-13 14:45:53'),
('15513968815ac01e240c571', 'Leccinum variicolor \r\n', 'Bolet ramoneur \r\n', '15387377755ac0216d4eaf7', '21117669905ac0216029ffe', '8414782745ac0214e26851', NULL, NULL, NULL, '10245427695ac0218d21614', '2018-04-02 16:55:42', '2018-03-13 14:45:52'),
('15516677925ac01e32b5e90', 'Thelephora anthocephala \r\n', 'Théléphore en forme de fleur \r\n', '17589158415ac0216d6c832', '11508217045ac0216085364', '15649313345ac0214dc8d01', 'A terre, dans les bois. \r\n', NULL, NULL, '10245427695ac0218d21614', '2018-04-02 16:55:43', '2018-03-13 14:46:02'),
('15540695275ac01e2a65d3e', 'Pholiota highlandensis \r\n', 'Pholiote des charbonnières \r\n', '2344341035ac0216d850a5', '11854696015ac02160647aa', '15649313345ac0214dc8d01', 'Sur charbonnières. \r\n', NULL, NULL, '10245427695ac0218d21614', '2018-04-02 16:55:43', '2018-03-13 14:45:55'),
('15561658335ac01e2fe718a', 'Russula pseudointegra \r\n', 'Russule coccinée \r\n', '17589158415ac0216d6c832', '21117669905ac0216029ffe', '6165814045ac0214d4ab0a', NULL, NULL, NULL, '10245427695ac0218d21614', '2018-04-02 16:55:43', '2018-03-13 14:45:59'),
('15595086975ac01e2698032', 'Gymnopus perforans \r\n', 'Marasme perforant \r\n', '17589158415ac0216d6c832', '21117669905ac0216029ffe', '8403526235ac0214e05c95', NULL, NULL, NULL, '10245427695ac0218d21614', '2018-04-02 16:55:43', '2018-03-13 14:45:53'),
('15654828965ac01e1f117fe', 'Inocybe cookei \r\n', 'Inocybe de Cooke\r\n', '5420982905ac0216d28459', '21117669905ac0216029ffe', '5043900435ac0214dec836', NULL, NULL, NULL, '10245427695ac0218d21614', '2018-04-02 16:55:43', '2018-03-13 14:45:49'),
('1566494735ac01e28804b6', 'Otidea alutacea \r\n', 'Oreille couleur cuir \r\n', '5420982905ac0216d28459', '21117669905ac0216029ffe', '6165814045ac0214d4ab0a', NULL, NULL, NULL, '10245427695ac0218d21614', '2018-04-02 16:55:43', '2018-03-13 14:45:54'),
('15816916545ac01e26ceb4f', 'Marasmius cohaerens \r\n', 'Marasme à pied corné \r\n', '17589158415ac0216d6c832', '21117669905ac0216029ffe', '6165814045ac0214d4ab0a', NULL, NULL, NULL, '10245427695ac0218d21614', '2018-04-02 16:55:43', '2018-03-13 14:45:53'),
('15855737535ac01e318536e', 'Sparassis laminosa \r\n', 'Sparassis lamelleux \r\n', '15387377755ac0216d4eaf7', '21117669905ac0216029ffe', '16310565925ac0214e48085', NULL, NULL, NULL, '10245427695ac0218d21614', '2018-04-02 16:55:43', '2018-03-13 14:46:01'),
('15860086525ac01e2e4e58f', 'Amanita verna \r\n', 'Amanite printanière\r\n', '19638307355ac0216d1bf05', '21117669905ac0216029ffe', '6165814045ac0214d4ab0a', NULL, NULL, NULL, '10245427695ac0218d21614', '2018-04-02 16:55:43', '2018-03-13 14:45:45'),
('15909343465ac01e1acbd2a', 'Cystolepiota bucknalli ', 'Lépiote à odeur sulfureuse', '2344341035ac0216d850a5', '21117669905ac0216029ffe', '6165814045ac0214d4ab0a', NULL, NULL, NULL, '10245427695ac0218d21614', '2018-04-02 16:55:43', '2018-03-13 14:45:43'),
('15939861765ac01e332ea96', 'Tremella aurantia \r\n', 'Trémelle orangée \r\n', '17589158415ac0216d6c832', '21117669905ac0216029ffe', '6165814045ac0214d4ab0a', NULL, NULL, NULL, '10245427695ac0218d21614', '2018-04-02 16:55:43', '2018-03-13 14:46:03'),
('15972702445ac01e1d18b9b', 'Gymnopus erythropus \r\n', 'Collybie à pied rouge\r\n', '17589158415ac0216d6c832', '21117669905ac0216029ffe', '6165814045ac0214d4ab0a', NULL, NULL, NULL, '10245427695ac0218d21614', '2018-04-02 16:55:43', '2018-03-13 14:45:48'),
('15982321555ac01e1dcdb18', 'Cortinarius allutus \r\n', 'Cortinaire lavé\r\n', '15387377755ac0216d4eaf7', '21117669905ac0216029ffe', '8403526235ac0214e05c95', NULL, NULL, NULL, '10245427695ac0218d21614', '2018-04-02 16:55:43', '2018-03-13 14:45:48'),
('15993135165ac01e2ee2b03', 'Armillaria tabescens \r\n', 'Armillaire sans anneau\r\n', '5420982905ac0216d28459', '21117669905ac0216029ffe', '16310565925ac0214e48085', NULL, NULL, NULL, '10245427695ac0218d21614', '2018-04-02 16:55:43', '2018-03-13 14:45:45'),
('16027497855ac01e2241dfc', 'Lactarius pubescens \r\n', 'Lactaire pubescent\r\n', '5420982905ac0216d28459', '21117669905ac0216029ffe', '8414782745ac0214e26851', NULL, NULL, NULL, '10245427695ac0218d21614', '2018-04-02 16:55:43', '2018-03-13 14:45:51'),
('160299485ac01e244815c', 'Panus conchatus \r\n', 'Lentin en forme de coquillage \r\n', '17589158415ac0216d6c832', '21117669905ac0216029ffe', '6165814045ac0214d4ab0a', NULL, NULL, NULL, '10245427695ac0218d21614', '2018-04-02 16:55:43', '2018-03-13 14:45:52'),
('16055175315ac01e2d4d254', 'Russula atropurpurea \r\n', 'Russule noire et pourpre \r\n', '17589158415ac0216d6c832', '21117669905ac0216029ffe', '6165814045ac0214d4ab0a', NULL, NULL, NULL, '10245427695ac0218d21614', '2018-04-02 16:55:43', '2018-03-13 14:45:57'),
('16078642395ac01e1f29d68', 'Inocybe dulcamara \r\n', 'Inocybe doux-amer\r\n', '5420982905ac0216d28459', '11508217045ac0216085364', '15649313345ac0214dc8d01', 'Lieux ouverts + sablonneux. \r\n', NULL, NULL, '10245427695ac0218d21614', '2018-04-02 16:55:43', '2018-03-13 14:45:49'),
('16092554135ac01e1ea87fb', 'Cortinarius caesiocanescens \r\n', 'Cortinaire gris bleu blanchissant\r\n', '17589158415ac0216d6c832', '21117669905ac0216029ffe', '8403526235ac0214e05c95', NULL, NULL, NULL, '10245427695ac0218d21614', '2018-04-02 16:55:43', '2018-03-13 14:45:49'),
('16177580935ac01e1fbad2b', 'Inocybe terrigena \r\n', 'Inocybe annelé\r\n', '5420982905ac0216d28459', '21117669905ac0216029ffe', '8403526235ac0214e05c95', NULL, NULL, NULL, '10245427695ac0218d21614', '2018-04-02 16:55:43', '2018-03-13 14:45:49'),
('16191515975ac01e1af3fcd', 'Chalciporus piperatus \r\n', 'Bolet poivré\r\n', '17589158415ac0216d6c832', '21117669905ac0216029ffe', '5043900435ac0214dec836', NULL, NULL, NULL, '10245427695ac0218d21614', '2018-04-02 16:55:43', '2018-03-13 14:45:47'),
('16209845445ac01e25d2815', 'Lycoperdon pyriforme \r\n', 'Vesse-de-loup en forme de poire\r\n', '2344341035ac0216d850a5', '11854696015ac02160647aa', '15649313345ac0214dc8d01', 'Sur bois pourri. \r\n', NULL, NULL, '10245427695ac0218d21614', '2018-04-02 16:55:43', '2018-03-13 14:45:52'),
('16235659685ac01e20574ea', 'Lactarius acris \r\n', 'Lactaire âcre\r\n', '17589158415ac0216d6c832', '21117669905ac0216029ffe', '1931148165ac0214de160d', NULL, NULL, NULL, '10245427695ac0218d21614', '2018-04-02 16:55:43', '2018-03-13 14:45:50'),
('16242445005ac01e2d0bb5a', 'Russula caerulea \r\n', 'Russule mamelonnée \r\n', '17589158415ac0216d6c832', '21117669905ac0216029ffe', '398009485ac0214e3195e', NULL, NULL, NULL, '10245427695ac0218d21614', '2018-04-02 16:55:43', '2018-03-13 14:45:56'),
('1624262245ac01e307bac8', 'Russula vesca \r\n', 'Russule vieux-rose \r\n', '15387377755ac0216d4eaf7', '21117669905ac0216029ffe', '16310565925ac0214e48085', NULL, NULL, NULL, '10245427695ac0218d21614', '2018-04-02 16:55:43', '2018-03-13 14:46:00'),
('16274120335ac01e1dc27b5', 'Cortinarius alboviolaceus \r\n', 'Cortinaire blanc violacé\r\n', '15387377755ac0216d4eaf7', '21117669905ac0216029ffe', '6165814045ac0214d4ab0a', NULL, NULL, NULL, '10245427695ac0218d21614', '2018-04-02 16:55:43', '2018-03-13 14:45:48'),
('1627687755ac01e1b6f7ba', 'Schizopora paradoxa \r\n', 'Polypore paradoxal\r\n', '17589158415ac0216d6c832', '21117669905ac0216029ffe', '6165814045ac0214d4ab0a', NULL, NULL, NULL, '10245427695ac0218d21614', '2018-04-02 16:55:43', '2018-03-13 14:45:43');
INSERT INTO `specie` (`id`, `name_latin`, `name_french`, `edibility_id`, `trophic_status_id`, `biotope_id`, `other_region`, `confusion`, `comment`, `creator_id`, `updated_at`, `created_at`) VALUES
('16365078165ac01e3495862', 'Rubroboletus satanas \r\n', 'Bolet Satan\r\n', '5420982905ac0216d28459', '21117669905ac0216029ffe', '6165814045ac0214d4ab0a', NULL, NULL, NULL, '10245427695ac0218d21614', '2018-04-02 16:55:44', '2018-03-13 14:45:46'),
('16435943955ac01e278f063', 'Mutinus caninus \r\n', 'Satyre du chien \r\n', '17589158415ac0216d6c832', '21117669905ac0216029ffe', '6165814045ac0214d4ab0a', NULL, NULL, NULL, '10245427695ac0218d21614', '2018-04-02 16:55:44', '2018-03-13 14:45:53'),
('16437073215ac01e22e2e47', 'Lactarius subumbonatus \r\n', 'Lactaire chagriné \r\n', '17589158415ac0216d6c832', '21117669905ac0216029ffe', '6165814045ac0214d4ab0a', NULL, NULL, NULL, '10245427695ac0218d21614', '2018-04-02 16:55:44', '2018-03-13 14:45:51'),
('16452231875ac01e28b99ee', 'Panaeolus papilionaceus \r\n', 'Panéole à lames papilionacées \r\n', '5420982905ac0216d28459', '21117669905ac0216029ffe', '3395889465ac0214d91a27', NULL, NULL, NULL, '10245427695ac0218d21614', '2018-04-02 16:55:44', '2018-03-13 14:45:54'),
('1647790995ac01e2d7e365', 'Russula badia \r\n', 'Russule perfide \r\n', '17589158415ac0216d6c832', '21117669905ac0216029ffe', '8403526235ac0214e05c95', NULL, NULL, NULL, '10245427695ac0218d21614', '2018-04-02 16:55:44', '2018-03-13 14:45:57'),
('16511877415ac01e1c149e9', 'Hygrophorus persoonii \r\n', 'Hygrophore de Persoon\r\n', '15387377755ac0216d4eaf7', '21117669905ac0216029ffe', '6165814045ac0214d4ab0a', NULL, NULL, NULL, '10245427695ac0218d21614', '2018-04-02 16:55:44', '2018-03-13 14:45:47'),
('16534800645ac01e2280b1f', 'Lactarius rufus \r\n', 'Lactaire roux\r\n', '5420982905ac0216d28459', '21117669905ac0216029ffe', '8403526235ac0214e05c95', NULL, NULL, NULL, '10245427695ac0218d21614', '2018-04-02 16:55:44', '2018-03-13 14:45:51'),
('1656587845ac01e243fd5d', 'Lentinus tigrinus \r\n', 'Lentin tigré \r\n', '15387377755ac0216d4eaf7', '21117669905ac0216029ffe', '14548543435ac0214e10dad', NULL, NULL, NULL, '10245427695ac0218d21614', '2018-04-02 16:55:44', '2018-03-13 14:45:52'),
('16585487225ac01e2a06537', 'Pholiota astragalina \r\n', 'Pholiote orange feu \r\n', '2344341035ac0216d850a5', '21117669905ac0216029ffe', '8403526235ac0214e05c95', NULL, NULL, NULL, '10245427695ac0218d21614', '2018-04-02 16:55:44', '2018-03-13 14:45:55'),
('16594298075ac01e2e0aa57', 'Russula decolorans \r\n', 'Russule orangée grisonnante \r\n', '15387377755ac0216d4eaf7', '11508217045ac0216085364', '15649313345ac0214dc8d01', 'Surtout hauts marais. \r\n', NULL, NULL, '10245427695ac0218d21614', '2018-04-02 16:55:44', '2018-03-13 14:45:57'),
('16628347425ac01e3211be8', 'Stropharia caerulea \r\n', 'Strophaire bleue \r\n', '2344341035ac0216d850a5', '11854696015ac02160647aa', '15649313345ac0214dc8d01', 'Lieux clairs. \r\n', NULL, NULL, '10245427695ac0218d21614', '2018-04-02 16:55:44', '2018-03-13 14:46:02'),
('16633739455ac01e2fb5d1f', 'Russula olivacea \r\n', 'Russule olivacée \r\n', '18896956635ac0216d7a88f', '21117669905ac0216029ffe', '12302707155ac0214e1bc1a', NULL, NULL, NULL, '10245427695ac0218d21614', '2018-04-02 16:55:44', '2018-03-13 14:45:59'),
('16650916715ac01e1cdebad', 'Gymnopus ocior \r\n', 'Collybie ambrée\r\n', '17589158415ac0216d6c832', '21117669905ac0216029ffe', '5043900435ac0214dec836', NULL, NULL, NULL, '10245427695ac0218d21614', '2018-04-02 16:55:44', '2018-03-13 14:45:48'),
('16714972485ac01e2786ceb', 'Psathyrella candolleana \r\n', 'Psathyrelle de De Candolle \r\n', '2344341035ac0216d850a5', '11854696015ac02160647aa', '15649313345ac0214dc8d01', 'Lieux clairs. \r\n', NULL, NULL, '10245427695ac0218d21614', '2018-04-02 16:55:44', '2018-03-13 14:45:53'),
('16725517705ac01e1b57269', 'Hypoxylon fragiforme \r\n', 'Hypoxylon petite fraise\r\n', '17589158415ac0216d6c832', '11854696015ac02160647aa', '15649313345ac0214dc8d01', 'Sur bois. \r\n', NULL, NULL, '10245427695ac0218d21614', '2018-04-02 16:55:44', '2018-03-13 14:45:47'),
('16773913385ac01e21e6fe9', 'Lactarius pergamenus \r\n', 'Lactaire parcheminé\r\n', '17589158415ac0216d6c832', '21117669905ac0216029ffe', '6165814045ac0214d4ab0a', NULL, NULL, NULL, '10245427695ac0218d21614', '2018-04-02 16:55:44', '2018-03-13 14:45:51'),
('16801177345ac01e2403bf3', 'Leccinum scabrum \r\n', 'Bolet rude \r\n', '15387377755ac0216d4eaf7', '21117669905ac0216029ffe', '8414782745ac0214e26851', NULL, NULL, NULL, '10245427695ac0218d21614', '2018-04-02 16:55:44', '2018-03-13 14:45:52'),
('16806539345ac01e1d4ca7b', 'Coprinopsis atramentaria \r\n', 'Coprin noir d’encre\r\n', '15387377755ac0216d4eaf7', '21117669905ac0216029ffe', '5043900435ac0214dec836', NULL, NULL, NULL, '10245427695ac0218d21614', '2018-04-02 16:55:44', '2018-03-13 14:45:48'),
('16844595115ac01e1b3b935', 'Chondrostereum purpureum \r\n', 'Stérée pourpre\r\n', '17589158415ac0216d6c832', '21117669905ac0216029ffe', '6165814045ac0214d4ab0a', NULL, NULL, NULL, '10245427695ac0218d21614', '2018-04-02 16:55:44', '2018-03-13 14:45:47'),
('16869629935ac01e1c8772f', 'Clitocybe phyllophila \r\n', 'Clitocybe des feuilles\r\n', '5420982905ac0216d28459', '21117669905ac0216029ffe', '8403526235ac0214e05c95', NULL, NULL, NULL, '10245427695ac0218d21614', '2018-04-02 16:55:44', '2018-03-13 14:45:48'),
('1688563305ac01e32ec3f4', 'Trametes gibbosa \r\n', 'Tramète bossue\r\n', '17589158415ac0216d6c832', '21117669905ac0216029ffe', '6165814045ac0214d4ab0a', NULL, NULL, NULL, '10245427695ac0218d21614', '2018-04-02 16:55:44', '2018-03-13 14:46:03'),
('16889540365ac01e205f7e7', 'Lactarius albocarneus \r\n', 'Lactaire glutineux\r\n', '17589158415ac0216d6c832', '21117669905ac0216029ffe', '8403526235ac0214e05c95', NULL, NULL, NULL, '10245427695ac0218d21614', '2018-04-02 16:55:44', '2018-03-13 14:45:50'),
('16891566155ac01e1f9a203', 'Inocybe napipes \r\n', 'Inocybe à pied en navet\r\n', '5420982905ac0216d28459', '21117669905ac0216029ffe', '8403526235ac0214e05c95', NULL, NULL, NULL, '10245427695ac0218d21614', '2018-04-02 16:55:44', '2018-03-13 14:45:49'),
('16908968485ac01e279f73f', 'Mycena galericulata \r\n', 'Mycène en casque \r\n', '15387377755ac0216d4eaf7', '21117669905ac0216029ffe', '6165814045ac0214d4ab0a', NULL, NULL, NULL, '10245427695ac0218d21614', '2018-04-02 16:55:45', '2018-03-13 14:45:54'),
('16964763975ac01e1eb8eb7', 'Cortinarius coerulescentium \r\n', 'Cortinaire devenant bleu\r\n', '17589158415ac0216d6c832', '21117669905ac0216029ffe', '6165814045ac0214d4ab0a', NULL, NULL, NULL, '10245427695ac0218d21614', '2018-04-02 16:55:45', '2018-03-13 14:45:49'),
('17102485335ac01e1c35bec', 'Infundibulicybe geotropa \r\n', 'Clitocybe géotrope\r\n', '2344341035ac0216d850a5', '21117669905ac0216029ffe', '6165814045ac0214d4ab0a', NULL, NULL, NULL, '10245427695ac0218d21614', '2018-04-02 16:55:45', '2018-03-13 14:45:47'),
('17112129185ac01e2b15f14', 'Amanita phalloides var. alba\r\n', 'Amanite phalloïde blanche\r\n', '19638307355ac0216d1bf05', '21117669905ac0216029ffe', '5043900435ac0214dec836', NULL, NULL, NULL, '10245427695ac0218d21614', '2018-04-02 16:55:45', '2018-03-13 14:45:44'),
('17177840525ac01e3281c57', 'Suillus placidus \r\n', 'Bolet ivoire \r\n', '15387377755ac0216d4eaf7', '21117669905ac0216029ffe', '398009485ac0214e3195e', NULL, NULL, NULL, '10245427695ac0218d21614', '2018-04-02 16:55:45', '2018-03-13 14:46:02'),
('17183397055ac01e22293c6', 'Psathyrella piluliformis \r\n', 'Psathyrelle hydrophile\r\n', '15387377755ac0216d4eaf7', '21117669905ac0216029ffe', '6165814045ac0214d4ab0a', NULL, NULL, NULL, '10245427695ac0218d21614', '2018-04-02 16:55:45', '2018-03-13 14:45:51'),
('17237392945ac01e2c11a49', 'Polyporus ciliatus \r\n', 'Polypore cilié \r\n', '17589158415ac0216d6c832', '21117669905ac0216029ffe', '6165814045ac0214d4ab0a', NULL, NULL, NULL, '10245427695ac0218d21614', '2018-04-02 16:55:45', '2018-03-13 14:45:56'),
('17327730175ac01e2eccd51', 'Russula grisea \r\n', 'Russule grise \r\n', '17589158415ac0216d6c832', '21117669905ac0216029ffe', '6165814045ac0214d4ab0a', NULL, NULL, NULL, '10245427695ac0218d21614', '2018-04-02 16:55:45', '2018-03-13 14:45:58'),
('17434140485ac01e2ff2d4b', 'Russula puellaris \r\n', 'Russule jeune fille \r\n', '15387377755ac0216d4eaf7', '21117669905ac0216029ffe', '5043900435ac0214dec836', NULL, NULL, NULL, '10245427695ac0218d21614', '2018-04-02 16:55:45', '2018-03-13 14:45:59'),
('17542783015ac01e22ca5fd', 'Lactarius subdulcis \r\n', 'Lactaire caoutchouc \r\n', '17589158415ac0216d6c832', '21117669905ac0216029ffe', '1931148165ac0214de160d', NULL, NULL, NULL, '10245427695ac0218d21614', '2018-04-02 16:55:45', '2018-03-13 14:45:51'),
('17559855005ac01e25912f1', 'Leucocortinarius bulbiger \r\n', 'Faux cortinaire bulbeux \r\n', '15387377755ac0216d4eaf7', '21117669905ac0216029ffe', '8403526235ac0214e05c95', NULL, NULL, NULL, '10245427695ac0218d21614', '2018-04-02 16:55:45', '2018-03-13 14:45:52'),
('1757710755ac01e351ef29', 'Cystolepiota bucknalli \r\n', 'Lépiote à odeur sulfureuse\r\n', '2344341035ac0216d850a5', '21117669905ac0216029ffe', '6165814045ac0214d4ab0a', NULL, NULL, NULL, '10245427695ac0218d21614', '2018-04-02 16:55:45', '2018-03-13 14:45:46'),
('17598265475ac01e2a70bff', 'Pholiota jahnii \r\n', 'Pholiote de Jahn \r\n', '2344341035ac0216d850a5', '21117669905ac0216029ffe', '6165814045ac0214d4ab0a', NULL, NULL, NULL, '10245427695ac0218d21614', '2018-04-02 16:55:45', '2018-03-13 14:45:55'),
('17683240565ac01e33ca2dd', 'Tricholoma basirubens \r\n', 'Tricholome à base rouge \r\n', '15387377755ac0216d4eaf7', '21117669905ac0216029ffe', '6165814045ac0214d4ab0a', NULL, NULL, NULL, '10245427695ac0218d21614', '2018-04-02 16:55:45', '2018-03-13 14:46:04'),
('17683948545ac01e30d2fa0', 'Auriscalpium vulgare \r\n', 'Hydne cure-oreilles\r\n', '17589158415ac0216d6c832', '21117669905ac0216029ffe', '398009485ac0214e3195e', NULL, NULL, NULL, '10245427695ac0218d21614', '2018-04-02 16:55:45', '2018-03-13 14:45:45'),
('17687666105ac01e316f83a', 'Scytinostroma hemidichophyticum \r\n', 'Cortice à odeur de naphtaline\r\n', '17589158415ac0216d6c832', '21117669905ac0216029ffe', '6165814045ac0214d4ab0a', NULL, NULL, NULL, '10245427695ac0218d21614', '2018-04-02 16:55:45', '2018-03-13 14:46:01'),
('1784711995ac01e238a95f', 'Laetiporus sulphureus \r\n', 'Polypore soufré \r\n', '17589158415ac0216d6c832', '21117669905ac0216029ffe', '6165814045ac0214d4ab0a', NULL, NULL, NULL, '10245427695ac0218d21614', '2018-04-02 16:55:45', '2018-03-13 14:45:51'),
('17862549525ac01e22ba54e', 'Lactarius semisanguifluus \r\n', 'Lactaire semi-sanguin\r\n', '15387377755ac0216d4eaf7', '21117669905ac0216029ffe', '398009485ac0214e3195e', NULL, NULL, NULL, '10245427695ac0218d21614', '2018-04-02 16:55:45', '2018-03-13 14:45:51'),
('17899556855ac01e2dee450', 'Russula decipiens \r\n', 'Russule trompeuse \r\n', '17589158415ac0216d6c832', '21117669905ac0216029ffe', '6165814045ac0214d4ab0a', NULL, NULL, NULL, '10245427695ac0218d21614', '2018-04-02 16:55:45', '2018-03-13 14:45:57'),
('17924495515ac01e26c3a33', 'Agaricus cappellianus \r\n', 'Agaric des bords de route \r\n', '5420982905ac0216d28459', '21117669905ac0216029ffe', '6165814045ac0214d4ab0a', NULL, NULL, NULL, '10245427695ac0218d21614', '2018-04-02 16:55:45', '2018-03-13 14:45:53'),
('17932156915ac01e2028e08', 'Laccaria bicolor \r\n', 'Laccaire bicolore\r\n', '15387377755ac0216d4eaf7', '21117669905ac0216029ffe', '5043900435ac0214dec836', NULL, NULL, NULL, '10245427695ac0218d21614', '2018-04-02 16:55:45', '2018-03-13 14:45:50'),
('17979692325ac01e2ba4986', 'Pluteus petasatus \r\n', 'Plutée en parasol \r\n', '15387377755ac0216d4eaf7', '21117669905ac0216029ffe', '6165814045ac0214d4ab0a', NULL, NULL, NULL, '10245427695ac0218d21614', '2018-04-02 16:55:45', '2018-03-13 14:45:56'),
('1801058955ac01e30c8207', 'Agaricus bisporus \r\n', 'Champignon de Paris forme sauvage\r\n', '15387377755ac0216d4eaf7', '11854696015ac02160647aa', '15649313345ac0214dc8d01', 'Lieux fumés\r\n', NULL, NULL, '10245427695ac0218d21614', '2018-04-02 16:55:45', '2018-03-13 14:45:43'),
('18046568085ac01e23cc39d', 'Leccinum duriusculum \r\n', 'Bolet rude des trembles \r\n', '15387377755ac0216d4eaf7', '21117669905ac0216029ffe', '14548543435ac0214e10dad', NULL, NULL, NULL, '10245427695ac0218d21614', '2018-04-02 16:55:45', '2018-03-13 14:45:51'),
('18082217955ac01e2c53c63', 'Ramaria gracilis \r\n', 'Ramaire gracile \r\n', '17589158415ac0216d6c832', '21117669905ac0216029ffe', '8403526235ac0214e05c95', NULL, NULL, NULL, '10245427695ac0218d21614', '2018-04-02 16:55:46', '2018-03-13 14:45:56'),
('18088235915ac01e1e6cc2c', 'Cortinarius bivelus \r\n', 'Cortinaire à deux voiles\r\n', '17589158415ac0216d6c832', '21117669905ac0216029ffe', '5043900435ac0214dec836', NULL, NULL, NULL, '10245427695ac0218d21614', '2018-04-02 16:55:46', '2018-03-13 14:45:49'),
('18098255535ac01e221e5a6', 'Lactarius piperatus \r\n', 'Lactaire poivré\r\n', '5420982905ac0216d28459', '21117669905ac0216029ffe', '6165814045ac0214d4ab0a', NULL, NULL, NULL, '10245427695ac0218d21614', '2018-04-02 16:55:46', '2018-03-13 14:45:51'),
('18102065985ac01e235be6f', 'Lactarius vellereus var. hometii \r\n', 'Lactaire velouté à lait rosissant\r\n', '5420982905ac0216d28459', '21117669905ac0216029ffe', '16310565925ac0214e48085', NULL, NULL, NULL, '10245427695ac0218d21614', '2018-04-02 16:55:46', '2018-03-13 14:45:51'),
('1813948545ac01e35140ef', 'Polyporus umbellatus \r\n', 'Polypore en ombelle\r\n', '15387377755ac0216d4eaf7', '21117669905ac0216029ffe', '6165814045ac0214d4ab0a', NULL, NULL, NULL, '10245427695ac0218d21614', '2018-04-02 16:55:46', '2018-03-13 14:45:46'),
('18162633255ac01e1f5843b', 'Inocybe godeyi \r\n', 'Inocybe de Godey\r\n', '5420982905ac0216d28459', '21117669905ac0216029ffe', '6165814045ac0214d4ab0a', NULL, NULL, NULL, '10245427695ac0218d21614', '2018-04-02 16:55:46', '2018-03-13 14:45:49'),
('18207270745ac01e1f19b59', 'Agaricus sylvaticus \r\n', 'Agaric des forêts\r\n', '15387377755ac0216d4eaf7', '21117669905ac0216029ffe', '8403526235ac0214e05c95', NULL, NULL, NULL, '10245427695ac0218d21614', '2018-04-02 16:55:46', '2018-03-13 14:45:44'),
('18230109125ac01e23efb2a', 'Leccinum pseudoscabrum \r\n', 'Bolet rude des charmes \r\n', '15387377755ac0216d4eaf7', '11508217045ac0216085364', '15649313345ac0214dc8d01', 'Surtout sous charmes. \r\n', NULL, NULL, '10245427695ac0218d21614', '2018-04-02 16:55:46', '2018-03-13 14:45:52'),
('18232886885ac01e1f069de', 'Inocybe cincinnata \r\n', 'Inocybe à mèches bouclées\r\n', '5420982905ac0216d28459', '21117669905ac0216029ffe', '6165814045ac0214d4ab0a', NULL, NULL, NULL, '10245427695ac0218d21614', '2018-04-02 16:55:46', '2018-03-13 14:45:49'),
('18244671545ac01e1c09ac6', 'Clitocybe fragrans \r\n', 'Clitocybe anisé strié\r\n', '5420982905ac0216d28459', '21117669905ac0216029ffe', '5043900435ac0214dec836', NULL, NULL, NULL, '10245427695ac0218d21614', '2018-04-02 16:55:46', '2018-03-13 14:45:47'),
('18247381695ac01e34c43c0', 'Calocera viscosa \r\n', 'Calocère visqueuse\r\n', '5420982905ac0216d28459', '21117669905ac0216029ffe', '8403526235ac0214e05c95', NULL, NULL, NULL, '10245427695ac0218d21614', '2018-04-02 16:55:46', '2018-03-13 14:45:46'),
('18251249935ac01e20cca45', 'Lactarius camphoratus \r\n', 'Lactaire à odeur de chicorée\r\n', '17589158415ac0216d6c832', '21117669905ac0216029ffe', '5043900435ac0214dec836', NULL, NULL, NULL, '10245427695ac0218d21614', '2018-04-02 16:55:46', '2018-03-13 14:45:50'),
('18322600185ac01e2e8087c', 'Russula farinipes \r\n', 'Russule à pied farineux \r\n', '17589158415ac0216d6c832', '21117669905ac0216029ffe', '6165814045ac0214d4ab0a', NULL, NULL, NULL, '10245427695ac0218d21614', '2018-04-02 16:55:46', '2018-03-13 14:45:58'),
('18360067005ac01e1b5f5da', 'Clathrus archeri \r\n', 'Clathre étoilé\r\n', '17589158415ac0216d6c832', '21117669905ac0216029ffe', '5043900435ac0214dec836', NULL, NULL, NULL, '10245427695ac0218d21614', '2018-04-02 16:55:46', '2018-03-13 14:45:47'),
('18377806115ac01e2797422', 'Mycena epipterygia \r\n', 'Mycène à pied jaune \r\n', '17589158415ac0216d6c832', '21117669905ac0216029ffe', '8403526235ac0214e05c95', NULL, NULL, NULL, '10245427695ac0218d21614', '2018-04-02 16:55:46', '2018-03-13 14:45:53'),
('18428206875ac01e2f35b41', 'Ascocoryne sarcoides \r\n', 'Pezize gélatineuse pourpre\r\n', '17589158415ac0216d6c832', '21117669905ac0216029ffe', '6165814045ac0214d4ab0a', NULL, NULL, NULL, '10245427695ac0218d21614', '2018-04-02 16:55:46', '2018-03-13 14:45:45'),
('18467250805ac01e33ee360', 'Boletus edulis \r\n', 'Cèpe de Bordeaux\r\n', '15387377755ac0216d4eaf7', '21117669905ac0216029ffe', '5043900435ac0214dec836', NULL, NULL, NULL, '10245427695ac0218d21614', '2018-04-02 16:55:46', '2018-03-13 14:45:46'),
('18494626865ac01e1bc74bd', 'Hygrophorus pudorinus \r\n', 'Hygrophore pudibond\r\n', '17589158415ac0216d6c832', '21117669905ac0216029ffe', '8403526235ac0214e05c95', NULL, NULL, NULL, '10245427695ac0218d21614', '2018-04-02 16:55:46', '2018-03-13 14:45:47'),
('18555266415ac01e1ae8cb9', 'Hypholoma capnoides \r\n', 'Hypholome à lames enfumées\r\n', '5420982905ac0216d28459', '21117669905ac0216029ffe', '8403526235ac0214e05c95', NULL, NULL, NULL, '10245427695ac0218d21614', '2018-04-02 16:55:46', '2018-03-13 14:45:43'),
('18571503345ac01e330306a', 'Trametes hirsuta \r\n', 'Tramète hirsute \r\n', '17589158415ac0216d6c832', '21117669905ac0216029ffe', '6165814045ac0214d4ab0a', NULL, NULL, NULL, '10245427695ac0218d21614', '2018-04-02 16:55:46', '2018-03-13 14:46:03'),
('18624923335ac01e2a7ba94', 'Pholiota lenta \r\n', 'Pholiote glutineuse \r\n', '2344341035ac0216d850a5', '19361193555ac02160a3a44', '15649313345ac0214dc8d01', 'Sur bois.\r\n', NULL, NULL, '10245427695ac0218d21614', '2018-04-02 16:55:46', '2018-03-13 14:45:55'),
('18670263425ac01e2922fe9', 'Paxillus rubicundulus \r\n', 'Paxille rougeâtre \r\n', '19638307355ac0216d1bf05', '11508217045ac0216085364', '15649313345ac0214dc8d01', 'Surtout sous aulnes. \r\n', NULL, NULL, '10245427695ac0218d21614', '2018-04-02 16:55:46', '2018-03-13 14:45:54'),
('18673119295ac01e2374802', 'Lactarius volemus \r\n', 'Lactaire à lait abondant \r\n', '15387377755ac0216d4eaf7', '21117669905ac0216029ffe', '8403526235ac0214e05c95', NULL, NULL, NULL, '10245427695ac0218d21614', '2018-04-02 16:55:46', '2018-03-13 14:45:51'),
('18692855395ac01e2c1ca33', 'Polyporus squamosus \r\n', 'Polypore écailleux \r\n', '17589158415ac0216d6c832', '21117669905ac0216029ffe', '6165814045ac0214d4ab0a', NULL, NULL, NULL, '10245427695ac0218d21614', '2018-04-02 16:55:46', '2018-03-13 14:45:56'),
('18713894635ac01e2fce752', 'Russula parazurea \r\n', 'Russule bleu-vert\r\n', '15387377755ac0216d4eaf7', '21117669905ac0216029ffe', '6165814045ac0214d4ab0a', NULL, NULL, NULL, '10245427695ac0218d21614', '2018-04-02 16:55:46', '2018-03-13 14:45:59'),
('18737310205ac01e2ca0283', 'Rickenella fibula \r\n', 'Omphale épingle \r\n', '17589158415ac0216d6c832', '11854696015ac02160647aa', '15649313345ac0214dc8d01', 'Dans les mousses. \r\n', NULL, NULL, '10245427695ac0218d21614', '2018-04-02 16:55:46', '2018-03-13 14:45:56'),
('18754070955ac01e1b7fe27', 'Clavulina cinerea \r\n', 'Clavaire cendrée\r\n', '17589158415ac0216d6c832', '21117669905ac0216029ffe', '6165814045ac0214d4ab0a', NULL, NULL, NULL, '10245427695ac0218d21614', '2018-04-02 16:55:46', '2018-03-13 14:45:47'),
('18806643025ac01e1fa5086', 'Inocybe whitei \r\n', 'Inocybe pudique\r\n', '5420982905ac0216d28459', '21117669905ac0216029ffe', '8403526235ac0214e05c95', NULL, NULL, NULL, '10245427695ac0218d21614', '2018-04-02 16:55:47', '2018-03-13 14:45:49'),
('18815444065ac01e2270475', 'Lactarius quietus \r\n', 'Lactaire à odeur de punaise\r\n', '17589158415ac0216d6c832', '21117669905ac0216029ffe', '16310565925ac0214e48085', NULL, NULL, NULL, '10245427695ac0218d21614', '2018-04-02 16:55:47', '2018-03-13 14:45:51'),
('18934922335ac01e1d21342', 'Hypholoma radicosum \r\n', 'Hypholome radicant\r\n', '5420982905ac0216d28459', '21117669905ac0216029ffe', '8403526235ac0214e05c95', NULL, NULL, NULL, '10245427695ac0218d21614', '2018-04-02 16:55:47', '2018-03-13 14:45:48'),
('18975521165ac01e2eed98f', 'Russula illota \r\n', 'Russule mal lavée \r\n', '17589158415ac0216d6c832', '21117669905ac0216029ffe', '6165814045ac0214d4ab0a', NULL, NULL, NULL, '10245427695ac0218d21614', '2018-04-02 16:55:47', '2018-03-13 14:45:58'),
('1899205915ac01e2348bfa', 'Lactarius vietus \r\n', 'Lactaire fané \r\n', '17589158415ac0216d6c832', '21117669905ac0216029ffe', '8414782745ac0214e26851', NULL, NULL, NULL, '10245427695ac0218d21614', '2018-04-02 16:55:47', '2018-03-13 14:45:51'),
('19012186795ac01e2437a26', 'Lentinellus micheneri \r\n', 'Lentin en forme d’omphale \r\n', '17589158415ac0216d6c832', '21117669905ac0216029ffe', '6165814045ac0214d4ab0a', NULL, NULL, NULL, '10245427695ac0218d21614', '2018-04-02 16:55:47', '2018-03-13 14:45:52'),
('19026298525ac01e3323c1d', 'Trametes versicolor \r\n', 'Tramète versicolore \r\n', '17589158415ac0216d6c832', '21117669905ac0216029ffe', '6165814045ac0214d4ab0a', NULL, NULL, NULL, '10245427695ac0218d21614', '2018-04-02 16:55:47', '2018-03-13 14:46:03'),
('19036165895ac01e2b3c167', 'Pleurotus pulmonarius \r\n', 'Pleurote en poumon \r\n', '18896956635ac0216d7a88f', '21117669905ac0216029ffe', '6165814045ac0214d4ab0a', NULL, NULL, NULL, '10245427695ac0218d21614', '2018-04-02 16:55:47', '2018-03-13 14:45:55'),
('19043741455ac01e27b8086', 'Mycena haematopus \r\n', 'Mycène à lait rouge \r\n', '17589158415ac0216d6c832', '21117669905ac0216029ffe', '6165814045ac0214d4ab0a', NULL, NULL, NULL, '10245427695ac0218d21614', '2018-04-02 16:55:47', '2018-03-13 14:45:54'),
('19102690775ac01e1fafee1', 'Inocybe rimosa \r\n', 'Inocybe fastigié\r\n', '5420982905ac0216d28459', '21117669905ac0216029ffe', '6165814045ac0214d4ab0a', NULL, NULL, NULL, '10245427695ac0218d21614', '2018-04-02 16:55:47', '2018-03-13 14:45:49'),
('19126614455ac01e21bb58e', 'Lactarius mammosus \r\n', 'Lactaire mamelonné\r\n', '17589158415ac0216d6c832', '21117669905ac0216029ffe', '8403526235ac0214e05c95', NULL, NULL, NULL, '10245427695ac0218d21614', '2018-04-02 16:55:47', '2018-03-13 14:45:50'),
('19179533105ac01e2db773e', 'Russula chloroides \r\n', 'Russule à lames glauques \r\n', '17589158415ac0216d6c832', '21117669905ac0216029ffe', '6165814045ac0214d4ab0a', NULL, NULL, NULL, '10245427695ac0218d21614', '2018-04-02 16:55:47', '2018-03-13 14:45:57'),
('19216442845ac01e25a9c2d', 'Lycoperdon echinatum \r\n', 'Vesse-de-loup hérisson \r\n', '2344341035ac0216d850a5', '21117669905ac0216029ffe', '6165814045ac0214d4ab0a', NULL, NULL, NULL, '10245427695ac0218d21614', '2018-04-02 16:55:47', '2018-03-13 14:45:52'),
('19303848295ac01e329a977', 'Suillus viscidus \r\n', 'Bolet gris des mélèzes \r\n', '17589158415ac0216d6c832', '21117669905ac0216029ffe', '11945630565ac0214d86e3d', NULL, NULL, NULL, '10245427695ac0218d21614', '2018-04-02 16:55:47', '2018-03-13 14:46:02'),
('19377339475ac01e233b2d1', 'Amanita excelsa \r\n', 'Amanite élevée\r\n', '18896956635ac0216d7a88f', '21117669905ac0216029ffe', '5043900435ac0214dec836', NULL, NULL, NULL, '10245427695ac0218d21614', '2018-04-02 16:55:47', '2018-03-13 14:45:44'),
('193996005ac01e2632fbc', 'Macrolepiota mastoidea \r\n', 'Lépiote mamelonnée \r\n', '15387377755ac0216d4eaf7', '21117669905ac0216029ffe', '6165814045ac0214d4ab0a', NULL, NULL, NULL, '10245427695ac0218d21614', '2018-04-02 16:55:47', '2018-03-13 14:45:53'),
('1940776975ac01e2505683', 'Lepista glaucocana \r\n', 'Tricholome gris glauque \r\n', '15387377755ac0216d4eaf7', '21117669905ac0216029ffe', '5043900435ac0214dec836', NULL, NULL, NULL, '10245427695ac0218d21614', '2018-04-02 16:55:47', '2018-03-13 14:45:52'),
('19465345645ac01e1d88b71', 'Coprinopsis picacea \r\n', 'Coprin pie\r\n', '17589158415ac0216d6c832', '21117669905ac0216029ffe', '6165814045ac0214d4ab0a', NULL, NULL, NULL, '10245427695ac0218d21614', '2018-04-02 16:55:47', '2018-03-13 14:45:48'),
('19466466155ac01e2766251', 'Meripilus giganteus \r\n', 'Polypore géant \r\n', '5420982905ac0216d28459', '21117669905ac0216029ffe', '6165814045ac0214d4ab0a', NULL, NULL, NULL, '10245427695ac0218d21614', '2018-04-02 16:55:47', '2018-03-13 14:45:53'),
('19601418495ac01e2c7f081', 'Cystolepiota seminuda \r\n', 'Lépiote demi-nue\r\n', '17589158415ac0216d6c832', '21117669905ac0216029ffe', '5043900435ac0214dec836', NULL, NULL, NULL, '10245427695ac0218d21614', '2018-04-02 16:55:47', '2018-03-13 14:45:44'),
('19691023005ac01e27d3583', 'Mycena pelianthina \r\n', 'Mycène à arête violette \r\n', '5420982905ac0216d28459', '21117669905ac0216029ffe', '1931148165ac0214de160d', NULL, NULL, NULL, '10245427695ac0218d21614', '2018-04-02 16:55:47', '2018-03-13 14:45:54'),
('19718791195ac01e31bbd0e', 'Steccherinum ochraceum \r\n', 'Stécchérine ochracé \r\n', '17589158415ac0216d6c832', '21117669905ac0216029ffe', '6165814045ac0214d4ab0a', NULL, NULL, NULL, '10245427695ac0218d21614', '2018-04-02 16:55:47', '2018-03-13 14:46:01'),
('1978278445ac01e1d57d95', 'Coprinus comatus \r\n', 'Coprin chevelu\r\n', '15387377755ac0216d4eaf7', '11854696015ac02160647aa', '15649313345ac0214dc8d01', 'Terrains gras. \r\n', NULL, NULL, '10245427695ac0218d21614', '2018-04-02 16:55:47', '2018-03-13 14:45:48'),
('19793113675ac01e298d3fa', 'Amanita pantherina \r\n', 'Amanite panthère\r\n', '5420982905ac0216d28459', '21117669905ac0216029ffe', '6165814045ac0214d4ab0a', NULL, NULL, NULL, '10245427695ac0218d21614', '2018-04-02 16:55:47', '2018-03-13 14:45:44'),
('19824916295ac01e246366f', 'Lenzites betulina \r\n', 'Lenzite du bouleau \r\n', '17589158415ac0216d6c832', '21117669905ac0216029ffe', '6165814045ac0214d4ab0a', NULL, NULL, NULL, '10245427695ac0218d21614', '2018-04-02 16:55:47', '2018-03-13 14:45:52'),
('19839904955ac01e2734efb', 'Melanoleuca grammopodia \r\n', 'Tricholome à pied rayé \r\n', '15387377755ac0216d4eaf7', '21117669905ac0216029ffe', '6165814045ac0214d4ab0a', NULL, NULL, NULL, '10245427695ac0218d21614', '2018-04-02 16:55:48', '2018-03-13 14:45:53'),
('19871403215ac01e25e327d', 'Lyophyllum connatum \r\n', 'Clitocybe en touffes \r\n', '5420982905ac0216d28459', '21117669905ac0216029ffe', '5043900435ac0214dec836', NULL, NULL, NULL, '10245427695ac0218d21614', '2018-04-02 16:55:48', '2018-03-13 14:45:53'),
('19909453605ac01e1f50104', 'Inocybe geophylla var. lilacina \r\n', 'Inocybe à lames terreuses, variété lilacine\r\n', '5420982905ac0216d28459', '11508217045ac0216085364', '15649313345ac0214dc8d01', 'Bois mêlés, sol argilo-calcaire. \r\n', NULL, NULL, '10245427695ac0218d21614', '2018-04-02 16:55:48', '2018-03-13 14:45:49'),
('19950370635ac01e3485267', 'Butyriboletus regius \r\n', 'Bolet royal\r\n', '5420982905ac0216d28459', '21117669905ac0216029ffe', '6165814045ac0214d4ab0a', NULL, NULL, NULL, '10245427695ac0218d21614', '2018-04-02 16:55:48', '2018-03-13 14:45:46'),
('19987345055ac01e252666e', 'Lepista nuda \r\n', 'Pied-bleu\r\n', '18896956635ac0216d7a88f', '21117669905ac0216029ffe', '5043900435ac0214dec836', NULL, NULL, NULL, '10245427695ac0218d21614', '2018-04-02 16:55:48', '2018-03-13 14:45:52'),
('19996271005ac01e2e75a09', 'Russula faginea \r\n', 'Russule écrevisse des hêtres\r\n', '15387377755ac0216d4eaf7', '21117669905ac0216029ffe', '1931148165ac0214de160d', NULL, NULL, NULL, '10245427695ac0218d21614', '2018-04-02 16:55:48', '2018-03-13 14:45:58'),
('20014792055ac01e27e6742', 'Mycena pura\r\n', 'Mycène pure\r\n', '5420982905ac0216d28459', '21117669905ac0216029ffe', '5043900435ac0214dec836', NULL, NULL, NULL, '10245427695ac0218d21614', '2018-04-02 16:55:48', '2018-03-13 14:45:54'),
('20051802555ac01e2a21806', 'Pholiota aurivella \r\n', 'Pholiote toison d’or \r\n', '2344341035ac0216d850a5', '21117669905ac0216029ffe', '6165814045ac0214d4ab0a', NULL, NULL, NULL, '10245427695ac0218d21614', '2018-04-02 16:55:48', '2018-03-13 14:45:55'),
('20052469125ac01e309c88c', 'Russula violeipes \r\n', 'Russule à pied violet \r\n', '15387377755ac0216d4eaf7', '21117669905ac0216029ffe', '5043900435ac0214dec836', NULL, NULL, NULL, '10245427695ac0218d21614', '2018-04-02 16:55:48', '2018-03-13 14:46:00'),
('20077824815ac01e3130c92', 'Scleroderma citrinum \r\n', 'Scléroderme commun \r\n', '5420982905ac0216d28459', '21117669905ac0216029ffe', '5043900435ac0214dec836', NULL, NULL, NULL, '10245427695ac0218d21614', '2018-04-02 16:55:48', '2018-03-13 14:46:01'),
('20090755595ac01e297cd8f', 'Phallus impudicus \r\n', 'Satyre puant, Phallus impudique\r\n', '17589158415ac0216d6c832', '21117669905ac0216029ffe', '5043900435ac0214dec836', NULL, NULL, NULL, '10245427695ac0218d21614', '2018-04-02 16:55:48', '2018-03-13 14:45:55'),
('2014832895ac01e2325527', 'Lactarius uvidus \r\n', 'Lactaire humide \r\n', '5420982905ac0216d28459', '21117669905ac0216029ffe', '5043900435ac0214dec836', NULL, NULL, NULL, '10245427695ac0218d21614', '2018-04-02 16:55:48', '2018-03-13 14:45:51'),
('20157106105ac01e2046e93', 'Laccaria tortilis \r\n', 'Laccaire tortillé\r\n', '17589158415ac0216d6c832', '21117669905ac0216029ffe', '6165814045ac0214d4ab0a', NULL, NULL, NULL, '10245427695ac0218d21614', '2018-04-02 16:55:48', '2018-03-13 14:45:50'),
('20161730455ac01e2b2368a', 'Pleurotus dryinus \r\n', 'Pleurote du chêne \r\n', '17589158415ac0216d6c832', '21117669905ac0216029ffe', '6165814045ac0214d4ab0a', NULL, NULL, NULL, '10245427695ac0218d21614', '2018-04-02 16:55:48', '2018-03-13 14:45:55'),
('20165678835ac01e2174544', 'Lactarius helvus \r\n', 'Lactaire à odeur de céleri\r\n', '5420982905ac0216d28459', '21117669905ac0216029ffe', '8403526235ac0214e05c95', NULL, NULL, NULL, '10245427695ac0218d21614', '2018-04-02 16:55:48', '2018-03-13 14:45:50'),
('20184609245ac01e293b522', 'Peziza badia \r\n', 'Pezize baie \r\n', '17589158415ac0216d6c832', '21117669905ac0216029ffe', '5043900435ac0214dec836', NULL, NULL, NULL, '10245427695ac0218d21614', '2018-04-02 16:55:48', '2018-03-13 14:45:54'),
('20264013605ac01e263b739', 'Macrolepiota procera \r\n', 'Coulemelle, Lépiote élevée\r\n', '18896956635ac0216d7a88f', '21117669905ac0216029ffe', '3395889465ac0214d91a27', NULL, NULL, NULL, '10245427695ac0218d21614', '2018-04-02 16:55:48', '2018-03-13 14:45:53'),
('20278166725ac01e1f7bae7', 'Inocybe maculata \r\n', 'Inocybe maculé\r\n', '5420982905ac0216d28459', '21117669905ac0216029ffe', '6165814045ac0214d4ab0a', NULL, NULL, NULL, '10245427695ac0218d21614', '2018-04-02 16:55:48', '2018-03-13 14:45:49'),
('20318937285ac01e20bc3b4', 'Lactarius blennius \r\n', 'Lactaire muqueux\r\n', '5420982905ac0216d28459', '21117669905ac0216029ffe', '1931148165ac0214de160d', NULL, NULL, NULL, '10245427695ac0218d21614', '2018-04-02 16:55:48', '2018-03-13 14:45:50'),
('20321003905ac01e348d580', 'Agaricus campestris \r\n', 'Rosé des prés, Agaric champêtre\r\n', '15387377755ac0216d4eaf7', '11854696015ac02160647aa', '15649313345ac0214dc8d01', 'Pâturages\r\n', NULL, NULL, '10245427695ac0218d21614', '2018-04-02 16:55:48', '2018-03-13 14:45:43'),
('20326268185ac01e2974ae2', 'Phaeomarasmius erinaceus \r\n', 'Phaéomarasme hérisson \r\n', '17589158415ac0216d6c832', '21117669905ac0216029ffe', '6165814045ac0214d4ab0a', NULL, NULL, NULL, '10245427695ac0218d21614', '2018-04-02 16:55:48', '2018-03-13 14:45:54'),
('20327548625ac01e32dbda5', 'Thelephora penicillata \r\n', 'Théléphore en pinceau \r\n', '17589158415ac0216d6c832', '11508217045ac0216085364', '15649313345ac0214dc8d01', 'A terre, dans les bois. \r\n', NULL, NULL, '10245427695ac0218d21614', '2018-04-02 16:55:48', '2018-03-13 14:46:03'),
('20349271915ac01e29c3e13', 'Phellodon niger \r\n', 'Hydne noir \r\n', '17589158415ac0216d6c832', '21117669905ac0216029ffe', '5043900435ac0214dec836', NULL, NULL, NULL, '10245427695ac0218d21614', '2018-04-02 16:55:48', '2018-03-13 14:45:55'),
('20420072765ac01e2231723', 'Lactarius pterosporus \r\n', 'Lactaire ridulé\r\n', '17589158415ac0216d6c832', '11508217045ac0216085364', '15649313345ac0214dc8d01', 'Surtout sous charmes et noisetiers. \r\n', NULL, NULL, '10245427695ac0218d21614', '2018-04-02 16:55:48', '2018-03-13 14:45:51'),
('20450288015ac01e23304e3', 'Lactarius vellereus \r\n', 'Lactaire velouté \r\n', '5420982905ac0216d28459', '21117669905ac0216029ffe', '16310565925ac0214e48085', NULL, NULL, NULL, '10245427695ac0218d21614', '2018-04-02 16:55:48', '2018-03-13 14:45:51'),
('2053481895ac01e237f66e', 'Lactarius zonarius \r\n', 'Lactaire zoné \r\n', '5420982905ac0216d28459', '21117669905ac0216029ffe', '5043900435ac0214dec836', NULL, NULL, NULL, '10245427695ac0218d21614', '2018-04-02 16:55:49', '2018-03-13 14:45:51'),
('20562493285ac01e1d90f27', 'Parasola plicatilis \r\n', 'Coprin parasol\r\n', '17589158415ac0216d6c832', '21117669905ac0216029ffe', '11769041325ac0214dbdee3', NULL, NULL, NULL, '10245427695ac0218d21614', '2018-04-02 16:55:49', '2018-03-13 14:45:48'),
('20587528105ac01e1dace8a', 'Cortinarius acutus \r\n', 'Cortinaire à mamelon pointu\r\n', '17589158415ac0216d6c832', '21117669905ac0216029ffe', '8403526235ac0214e05c95', NULL, NULL, NULL, '10245427695ac0218d21614', '2018-04-02 16:55:49', '2018-03-13 14:45:48'),
('20629748555ac01e2f40814', 'Russula aurora \r\n', 'Russule aurore \r\n', '15387377755ac0216d4eaf7', '21117669905ac0216029ffe', '5043900435ac0214dec836', NULL, NULL, NULL, '10245427695ac0218d21614', '2018-04-02 16:55:49', '2018-03-13 14:45:59'),
('20638238995ac01e33d5831', 'Tricholoma batschii \r\n', 'Tricholome à pied bicolore \r\n', '2344341035ac0216d850a5', '21117669905ac0216029ffe', '8403526235ac0214e05c95', NULL, NULL, NULL, '10245427695ac0218d21614', '2018-04-02 16:55:49', '2018-03-13 14:46:04'),
('20642376385ac01e32a292d', 'Boletus aereus \r\n', 'Cèpe bronzé\r\n', '15387377755ac0216d4eaf7', '21117669905ac0216029ffe', '16310565925ac0214e48085', NULL, NULL, NULL, '10245427695ac0218d21614', '2018-04-02 16:55:49', '2018-03-13 14:45:46'),
('20652399645ac01e1f21a52', 'Inocybe corydalina \r\n', 'Inocybe à odeur de corydale\r\n', '5420982905ac0216d28459', '21117669905ac0216029ffe', '6165814045ac0214d4ab0a', NULL, NULL, NULL, '10245427695ac0218d21614', '2018-04-02 16:55:49', '2018-03-13 14:45:49'),
('20723510255ac01e2f14f33', 'Russula grata \r\n', 'Russule frangipane \r\n', '17589158415ac0216d6c832', '21117669905ac0216029ffe', '6165814045ac0214d4ab0a', NULL, NULL, NULL, '10245427695ac0218d21614', '2018-04-02 16:55:49', '2018-03-13 14:45:58'),
('20760851265ac01e1e8d425', 'Cortinarius brunneus \r\n', 'Cortinaire brun\r\n', '17589158415ac0216d6c832', '21117669905ac0216029ffe', '8403526235ac0214e05c95', NULL, NULL, NULL, '10245427695ac0218d21614', '2018-04-02 16:55:49', '2018-03-13 14:45:49'),
('2080155185ac01e2e6034e', 'Russula silvestris \r\n', 'Russule émétique des chênes \r\n', '5420982905ac0216d28459', '21117669905ac0216029ffe', '6165814045ac0214d4ab0a', NULL, NULL, NULL, '10245427695ac0218d21614', '2018-04-02 16:55:49', '2018-03-13 14:45:58'),
('20855545115ac01e1eea2a4', 'Inocybe calamistrata \r\n', 'Inocybe à base verte\r\n', '5420982905ac0216d28459', '21117669905ac0216029ffe', '5043900435ac0214dec836', NULL, NULL, NULL, '10245427695ac0218d21614', '2018-04-02 16:55:49', '2018-03-13 14:45:49'),
('20861752965ac01e1fe676b', 'Xanthoporia radiata \r\n', 'Polypore de l aulne\r\n', '17589158415ac0216d6c832', '19361193555ac02160a3a44', '15649313345ac0214dc8d01', 'Surtout sous aulnes. \r\n', NULL, NULL, '10245427695ac0218d21614', '2018-04-02 16:55:49', '2018-03-13 14:45:50'),
('20868159665ac01e1d2bd9e', 'Hypholoma marginatum \r\n', 'Hypholome marginé\r\n', '5420982905ac0216d28459', '21117669905ac0216029ffe', '8403526235ac0214e05c95', NULL, NULL, NULL, '10245427695ac0218d21614', '2018-04-02 16:55:49', '2018-03-13 14:45:48'),
('20879824275ac01e33e5e2c', 'Tricholoma bufonium \r\n', 'Tricholome pourpré \r\n', '5420982905ac0216d28459', '21117669905ac0216029ffe', '8403526235ac0214e05c95', NULL, NULL, NULL, '10245427695ac0218d21614', '2018-04-02 16:55:49', '2018-03-13 14:46:04'),
('2093177685ac01e3339902', 'Tremella foliacea \r\n', 'Trémelle foliacée \r\n', '17589158415ac0216d6c832', '21117669905ac0216029ffe', '6165814045ac0214d4ab0a', NULL, NULL, NULL, '10245427695ac0218d21614', '2018-04-02 16:55:49', '2018-03-13 14:46:03'),
('20937237905ac01e24c57f2', 'Lepiota ignivolvata \r\n', 'Lépiote à base rouge \r\n', '5420982905ac0216d28459', '21117669905ac0216029ffe', '5043900435ac0214dec836', NULL, NULL, NULL, '10245427695ac0218d21614', '2018-04-02 16:55:49', '2018-03-13 14:45:52'),
('20941681965ac01e283bf7c', 'Postia caesia \r\n', 'Polypore bleuté des conifères \r\n', '17589158415ac0216d6c832', '21117669905ac0216029ffe', '8403526235ac0214e05c95', NULL, NULL, NULL, '10245427695ac0218d21614', '2018-04-02 16:55:49', '2018-03-13 14:45:54'),
('20952839945ac01e2416de7', 'Leccinum versipelle \r\n', 'Bolet à revêtement changeant \r\n', '15387377755ac0216d4eaf7', '21117669905ac0216029ffe', '8414782745ac0214e26851', NULL, NULL, NULL, '10245427695ac0218d21614', '2018-04-02 16:55:49', '2018-03-13 14:45:52'),
('21069899425ac01e273d396', 'Amanita oblongospora \r\n', 'Amanite à spores allongées\r\n', '5420982905ac0216d28459', '11508217045ac0216085364', '15649313345ac0214dc8d01', 'Bois, lieux clairs. \r\n', NULL, NULL, '10245427695ac0218d21614', '2018-04-02 16:55:49', '2018-03-13 14:45:44'),
('21085233855ac01e337dfae', 'Tricholoma aestuans \r\n', 'Tricholome brûlant \r\n', '17589158415ac0216d6c832', '11508217045ac0216085364', '15649313345ac0214dc8d01', 'Pessières acides. \r\n', NULL, NULL, '10245427695ac0218d21614', '2018-04-02 16:55:49', '2018-03-13 14:46:03'),
('21092039625ac01e2eb7553', 'Russula fuscorubroides \r\n', 'Russule fausse rouge sombre \r\n', '17589158415ac0216d6c832', '21117669905ac0216029ffe', '12302707155ac0214e1bc1a', NULL, NULL, NULL, '10245427695ac0218d21614', '2018-04-02 16:55:49', '2018-03-13 14:45:58'),
('21106708225ac01e281050a', 'Mycena stipata \r\n', 'Mycène alcaline \r\n', '17589158415ac0216d6c832', '21117669905ac0216029ffe', '8403526235ac0214e05c95', NULL, NULL, NULL, '10245427695ac0218d21614', '2018-04-02 16:55:49', '2018-03-13 14:45:54'),
('21111800825ac01e227862a', 'Lactarius romagnesii \r\n', 'Lactaire très sombre\r\n', '17589158415ac0216d6c832', '21117669905ac0216029ffe', '6165814045ac0214d4ab0a', NULL, NULL, NULL, '10245427695ac0218d21614', '2018-04-02 16:55:49', '2018-03-13 14:45:51'),
('21140636155ac01e30bd7bb', 'Sarcodon imbricatus \r\n', 'Hydne imbriqué \r\n', '2344341035ac0216d850a5', '21117669905ac0216029ffe', '8403526235ac0214e05c95', NULL, NULL, NULL, '10245427695ac0218d21614', '2018-04-02 16:55:49', '2018-03-13 14:46:01'),
('21152020665ac01e25edd28', 'Lyophyllum decastes \r\n', 'Tricholome en touffes \r\n', '15387377755ac0216d4eaf7', '21117669905ac0216029ffe', '6165814045ac0214d4ab0a', NULL, NULL, NULL, '10245427695ac0218d21614', '2018-04-02 16:55:49', '2018-03-13 14:45:53'),
('2115533465ac01e1e4c060', 'Cortinarius balteatus \r\n', 'Cortinaire à marge zonée\r\n', '17589158415ac0216d6c832', '11508217045ac0216085364', '15649313345ac0214dc8d01', 'Epicéas ou bois mêlés. \r\n', NULL, NULL, '10245427695ac0218d21614', '2018-04-02 16:55:49', '2018-03-13 14:45:49'),
('2125482285ac01e2c8fcb1', 'Rhizopogon roseolus \r\n', 'Rhizopogon rosé \r\n', '17589158415ac0216d6c832', '21117669905ac0216029ffe', '398009485ac0214e3195e', NULL, NULL, NULL, '10245427695ac0218d21614', '2018-04-02 16:55:49', '2018-03-13 14:45:56'),
('2126007775ac01e313beee', 'Scleroderma verrucosum \r\n', 'Scléroderme verruqueux \r\n', '5420982905ac0216d28459', '21117669905ac0216029ffe', '5043900435ac0214dec836', NULL, NULL, NULL, '10245427695ac0218d21614', '2018-04-02 16:55:49', '2018-03-13 14:46:01'),
('21345895355ac01e30f3ca1', 'Sarcosphaera coronaria \r\n', 'Pezize couronnée \r\n', '19638307355ac0216d1bf05', '21117669905ac0216029ffe', '398009485ac0214e3195e', NULL, NULL, NULL, '10245427695ac0218d21614', '2018-04-02 16:55:50', '2018-03-13 14:46:01'),
('2134772975ac01e265bd7b', 'Chlorophyllum brunneum \r\n', 'Lépiote déguenillée, variété dite de  Bohême \r\n', '5420982905ac0216d28459', '21117669905ac0216029ffe', '6165814045ac0214d4ab0a', NULL, NULL, NULL, '10245427695ac0218d21614', '2018-04-02 16:55:50', '2018-03-13 14:45:53'),
('21359209495ac01e21b070d', 'Lactarius lignyotus \r\n', 'Lactaire velours\r\n', '15387377755ac0216d4eaf7', '21117669905ac0216029ffe', '8403526235ac0214e05c95', NULL, NULL, NULL, '10245427695ac0218d21614', '2018-04-02 16:55:50', '2018-03-13 14:45:50'),
('21369552515ac01e319030b', 'Sparassis crispa \r\n', 'Sparassis crêpu \r\n', '15387377755ac0216d4eaf7', '21117669905ac0216029ffe', '8403526235ac0214e05c95', NULL, NULL, NULL, '10245427695ac0218d21614', '2018-04-02 16:55:50', '2018-03-13 14:46:01'),
('21400036115ac01e2c76d5a', 'Ramaria stricta \r\n', 'Ramaire serrée \r\n', '5420982905ac0216d28459', '21117669905ac0216029ffe', '6165814045ac0214d4ab0a', NULL, NULL, NULL, '10245427695ac0218d21614', '2018-04-02 16:55:50', '2018-03-13 14:45:56'),
('2151237075ac01e30ddf78', 'Sarcodon scabrosus \r\n', 'Hydne rugueux \r\n', '17589158415ac0216d6c832', '21117669905ac0216029ffe', '5043900435ac0214dec836', NULL, NULL, NULL, '10245427695ac0218d21614', '2018-04-02 16:55:50', '2018-03-13 14:46:01'),
('2200282655ac01e2ac305f', 'Pholiota tuberculosa \r\n', 'Pholiote à pied renflé \r\n', '5420982905ac0216d28459', '21117669905ac0216029ffe', '6165814045ac0214d4ab0a', NULL, NULL, NULL, '10245427695ac0218d21614', '2018-04-02 16:55:50', '2018-03-13 14:45:55'),
('2210840465ac01e3065ff2', 'Russula turci \r\n', 'Russule coquardée \r\n', '15387377755ac0216d4eaf7', '21117669905ac0216029ffe', '8403526235ac0214e05c95', NULL, NULL, NULL, '10245427695ac0218d21614', '2018-04-02 16:55:50', '2018-03-13 14:46:00'),
('2224949195ac01e1ef24c7', 'Inocybe cervicolor \r\n', 'Inocybe couleur de cerf\r\n', '5420982905ac0216d28459', '21117669905ac0216029ffe', '6165814045ac0214d4ab0a', NULL, NULL, NULL, '10245427695ac0218d21614', '2018-04-02 16:55:50', '2018-03-13 14:45:49'),
('2260775765ac01e287562a', 'Oudemansiella mucida \r\n', 'Collybie visqueuse \r\n', '17589158415ac0216d6c832', '21117669905ac0216029ffe', '1931148165ac0214de160d', NULL, NULL, NULL, '10245427695ac0218d21614', '2018-04-02 16:55:50', '2018-03-13 14:45:54'),
('2264118615ac01e24a0061', 'Lepiota felina \r\n', 'Lépiote féline \r\n', '5420982905ac0216d28459', '21117669905ac0216029ffe', '8403526235ac0214e05c95', NULL, NULL, NULL, '10245427695ac0218d21614', '2018-04-02 16:55:50', '2018-03-13 14:45:52'),
('2279836675ac01e1f4523a', 'Inocybe geophylla \r\n', 'Inocybe à lames terreuses\r\n', '5420982905ac0216d28459', '11508217045ac0216085364', '15649313345ac0214dc8d01', 'Bois mêlés, sol argilo-calcaire. \r\n', NULL, NULL, '10245427695ac0218d21614', '2018-04-02 16:55:50', '2018-03-13 14:45:49'),
('2362860315ac01e1d600ff', 'Coprinellus disseminatus \r\n', 'Coprin grégaire\r\n', '17589158415ac0216d6c832', '11854696015ac02160647aa', '15649313345ac0214dc8d01', 'Sur bois. \r\n', NULL, NULL, '10245427695ac0218d21614', '2018-04-02 16:55:50', '2018-03-13 14:45:48'),
('2373532805ac01e1d1085f', 'Gymnopus fusipes \r\n', 'Collybie à pied en  fuseau\r\n', '2344341035ac0216d850a5', '21117669905ac0216029ffe', '6165814045ac0214d4ab0a', NULL, NULL, NULL, '10245427695ac0218d21614', '2018-04-02 16:55:50', '2018-03-13 14:45:48'),
('2375588475ac01e305dc6b', 'Russula subfoetens \r\n', 'Russule fausse-fétide \r\n', '17589158415ac0216d6c832', '21117669905ac0216029ffe', '8414782745ac0214e26851', NULL, NULL, NULL, '10245427695ac0218d21614', '2018-04-02 16:55:50', '2018-03-13 14:46:00'),
('2407436575ac01e22995c0', 'Lactarius sanguifluus \r\n', 'Lactaire sanguin\r\n', '15387377755ac0216d4eaf7', '21117669905ac0216029ffe', '398009485ac0214e3195e', NULL, NULL, NULL, '10245427695ac0218d21614', '2018-04-02 16:55:50', '2018-03-13 14:45:51'),
('2419512765ac01e1dd84ee', 'Cortinarius prasinus \r\n', 'Cortinaire vert poireau\r\n', '17589158415ac0216d6c832', '21117669905ac0216029ffe', '6165814045ac0214d4ab0a', NULL, NULL, NULL, '10245427695ac0218d21614', '2018-04-02 16:55:50', '2018-03-13 14:45:48'),
('2464085545ac01e1b30ec8', 'Choiromyces venosus \r\n', 'Truffe des porçins\r\n', '5420982905ac0216d28459', '21117669905ac0216029ffe', '5043900435ac0214dec836', NULL, NULL, NULL, '10245427695ac0218d21614', '2018-04-02 16:55:50', '2018-03-13 14:45:47'),
('2485437395ac01e2f8fb63', 'Russula mustelina \r\n', 'Russule belette \r\n', '15387377755ac0216d4eaf7', '21117669905ac0216029ffe', '8403526235ac0214e05c95', NULL, NULL, NULL, '10245427695ac0218d21614', '2018-04-02 16:55:50', '2018-03-13 14:45:59'),
('25034825ac01e1c66b75', 'Cortinarius privignus \r\n', 'Cortinaire apparenté à Cortinarius malachius\r\n', '17589158415ac0216d6c832', '21117669905ac0216029ffe', '12302707155ac0214e1bc1a', NULL, NULL, NULL, '10245427695ac0218d21614', '2018-04-02 16:55:50', '2018-03-13 14:45:47'),
('2562844255ac01e3245b78', 'Suillus bovinus \r\n', 'Bolet des bouviers \r\n', '15387377755ac0216d4eaf7', '21117669905ac0216029ffe', '398009485ac0214e3195e', NULL, NULL, NULL, '10245427695ac0218d21614', '2018-04-02 16:55:50', '2018-03-13 14:46:02'),
('2586221515ac01e2a16b72', 'Amanita porphyria \r\n', 'Amanite porphyre\r\n', '5420982905ac0216d28459', '21117669905ac0216029ffe', '5043900435ac0214dec836', NULL, NULL, NULL, '10245427695ac0218d21614', '2018-04-02 16:55:50', '2018-03-13 14:45:44'),
('26413165ac01e3402271', 'Tricholoma cingulatum \r\n', 'Tricholome ceinturé \r\n', '15387377755ac0216d4eaf7', '11508217045ac0216085364', '15649313345ac0214dc8d01', 'Surtout sous saules. \r\n', NULL, NULL, '10245427695ac0218d21614', '2018-04-02 16:55:50', '2018-03-13 14:46:04'),
('2672615355ac01e1d340bb', 'Gymnopus peronatus \r\n', 'Collybie guêtrée\r\n', '2344341035ac0216d850a5', '21117669905ac0216029ffe', '5043900435ac0214dec836', NULL, NULL, NULL, '10245427695ac0218d21614', '2018-04-02 16:55:51', '2018-03-13 14:45:48'),
('2672821805ac01e3534ff4', 'Cantharellus cibarius \r\n', 'Girole\r\n', '15387377755ac0216d4eaf7', '21117669905ac0216029ffe', '5043900435ac0214dec836', NULL, NULL, NULL, '10245427695ac0218d21614', '2018-04-02 16:55:51', '2018-03-13 14:45:46'),
('2699234965ac01e356e17a', 'Cantharellus friesii \r\n', 'Chanterelle abricot\r\n', '15387377755ac0216d4eaf7', '21117669905ac0216029ffe', '6165814045ac0214d4ab0a', NULL, NULL, NULL, '10245427695ac0218d21614', '2018-04-02 16:55:51', '2018-03-13 14:45:47'),
('27174425ac01e29850e9', 'Agaricus augustus \r\n', 'Agaric impérial\r\n', '2344341035ac0216d850a5', '21117669905ac0216029ffe', '5043900435ac0214dec836', NULL, NULL, NULL, '10245427695ac0218d21614', '2018-04-02 16:55:51', '2018-03-13 14:45:43'),
('2722730825ac01e22a9972', 'Lactarius scrobiculatus \r\n', 'Lactaire à fossettes\r\n', '5420982905ac0216d28459', '21117669905ac0216029ffe', '12302707155ac0214e1bc1a', NULL, NULL, NULL, '10245427695ac0218d21614', '2018-04-02 16:55:51', '2018-03-13 14:45:51'),
('2787946215ac01e20d5189', 'Lactarius chrysorrheus \r\n', 'Lactaire à lait jaunissant\r\n', '5420982905ac0216d28459', '21117669905ac0216029ffe', '6165814045ac0214d4ab0a', NULL, NULL, NULL, '10245427695ac0218d21614', '2018-04-02 16:55:51', '2018-03-13 14:45:50'),
('2845598325ac01e2f84a0f', 'Astraeus hygrometricus \r\n', 'Astrée hygrométrique\r\n', '17589158415ac0216d6c832', '11508217045ac0216085364', '15649313345ac0214dc8d01', 'Sol sableux. \r\n', NULL, NULL, '10245427695ac0218d21614', '2018-04-02 16:55:51', '2018-03-13 14:45:45'),
('2852110995ac01e1e34d96', 'Cortinarius balteatocumatilis \r\n', 'Cortinaire entre C. balteatus et C.  cumatilis\r\n', '17589158415ac0216d6c832', '21117669905ac0216029ffe', '6165814045ac0214d4ab0a', NULL, NULL, NULL, '10245427695ac0218d21614', '2018-04-02 16:55:51', '2018-03-13 14:45:49'),
('28920815ac01e2cc93b2', 'Russula acrifolia \r\n', 'Russule à lames âcres \r\n', '17589158415ac0216d6c832', '21117669905ac0216029ffe', '5043900435ac0214dec836', NULL, NULL, NULL, '10245427695ac0218d21614', '2018-04-02 16:55:51', '2018-03-13 14:45:56'),
('2901504505ac01e1cd3889', 'Agaricus langei \r\n', 'Agaricus rougissant\r\n', '15387377755ac0216d4eaf7', '21117669905ac0216029ffe', '8403526235ac0214e05c95', NULL, NULL, NULL, '10245427695ac0218d21614', '2018-04-02 16:55:51', '2018-03-13 14:45:43'),
('2911591375ac01e29335ff', 'Peniophora incarnata \r\n', 'Peniophore rose saumon\r\n', '17589158415ac0216d6c832', '21117669905ac0216029ffe', '6165814045ac0214d4ab0a', NULL, NULL, NULL, '10245427695ac0218d21614', '2018-04-02 16:55:51', '2018-03-13 14:45:54'),
('2941684045ac01e2ca871a', 'Ripartites metrodii \r\n', 'Ripartite de Métrod \r\n', '17589158415ac0216d6c832', '21117669905ac0216029ffe', '6165814045ac0214d4ab0a', NULL, NULL, NULL, '10245427695ac0218d21614', '2018-04-02 16:55:51', '2018-03-13 14:45:56'),
('297660105ac01e31c6c61', 'Stereum hirsutum \r\n', 'Stérée hirsute \r\n', '17589158415ac0216d6c832', '21117669905ac0216029ffe', '6165814045ac0214d4ab0a', NULL, NULL, NULL, '10245427695ac0218d21614', '2018-04-02 16:55:51', '2018-03-13 14:46:01'),
('2997328475ac01e21359c1', 'Lactarius flavidus \r\n', 'Lactaire jaunâtre\r\n', '17589158415ac0216d6c832', '21117669905ac0216029ffe', '6165814045ac0214d4ab0a', NULL, NULL, NULL, '10245427695ac0218d21614', '2018-04-02 16:55:51', '2018-03-13 14:45:50'),
('3006397675ac01e2ed7cc4', 'Russula heterophylla \r\n', 'Russule à lames fourchues\r\n', '15387377755ac0216d4eaf7', '21117669905ac0216029ffe', '5043900435ac0214dec836', NULL, NULL, NULL, '10245427695ac0218d21614', '2018-04-02 16:55:51', '2018-03-13 14:45:58'),
('3058480745ac01e27585c0', 'Melanoleuca polioleuca \r\n', 'Tricholome à chair brune \r\n', '15387377755ac0216d4eaf7', '11854696015ac02160647aa', '15649313345ac0214dc8d01', 'Parcs et jardins. \r\n', NULL, NULL, '10245427695ac0218d21614', '2018-04-02 16:55:51', '2018-03-13 14:45:53'),
('3112257565ac01e1ed9bf8', 'Inocybe asterospora \r\n', 'Inocybe à spores étoilées\r\n', '5420982905ac0216d28459', '21117669905ac0216029ffe', '6165814045ac0214d4ab0a', NULL, NULL, NULL, '10245427695ac0218d21614', '2018-04-02 16:55:51', '2018-03-13 14:45:49'),
('3152160125ac01e2bf1f15', 'Pleurocybella porrigens \r\n', 'Oreille-de-St-Pierre \r\n', '5420982905ac0216d28459', '21117669905ac0216029ffe', '8403526235ac0214e05c95', NULL, NULL, NULL, '10245427695ac0218d21614', '2018-04-02 16:55:51', '2018-03-13 14:45:56'),
('3196583715ac01e3292694', 'Suillus variegatus \r\n', 'Bolet moucheté \r\n', '17589158415ac0216d6c832', '21117669905ac0216029ffe', '8403526235ac0214e05c95', NULL, NULL, NULL, '10245427695ac0218d21614', '2018-04-02 16:55:51', '2018-03-13 14:46:02');
INSERT INTO `specie` (`id`, `name_latin`, `name_french`, `edibility_id`, `trophic_status_id`, `biotope_id`, `other_region`, `confusion`, `comment`, `creator_id`, `updated_at`, `created_at`) VALUES
('3201426265ac01e285a3e0', 'Omphalotus illudens \r\n', 'Faux clitocybe lumineux \r\n', '5420982905ac0216d28459', '21117669905ac0216029ffe', '6165814045ac0214d4ab0a', NULL, NULL, NULL, '10245427695ac0218d21614', '2018-04-02 16:55:51', '2018-03-13 14:45:54'),
('3228600685ac01e299da7e', 'Phellinus igniarius \r\n', 'Polypore faux amadouvier \r\n', '17589158415ac0216d6c832', '21117669905ac0216029ffe', '6165814045ac0214d4ab0a', NULL, NULL, NULL, '10245427695ac0218d21614', '2018-04-02 16:55:51', '2018-03-13 14:45:55'),
('3280341755ac01e315c6fd', 'Scutellinia scutellata \r\n', 'Pezize en bouclier \r\n', '17589158415ac0216d6c832', '11854696015ac02160647aa', '15649313345ac0214dc8d01', 'Sur bois mort ou terre humide. \r\n', NULL, NULL, '10245427695ac0218d21614', '2018-04-02 16:55:51', '2018-03-13 14:46:01'),
('3307874465ac01e2bda49b', 'Amanita rubescens var. annulosulfurea\r\n', 'Amanite rougissante à anneau jaune\r\n', '18896956635ac0216d7a88f', '21117669905ac0216029ffe', '5043900435ac0214dec836', NULL, NULL, NULL, '10245427695ac0218d21614', '2018-04-02 16:55:51', '2018-03-13 14:45:44'),
('3325619795ac01e1bb6767', 'Ampulloclitocybe clavipes \r\n', 'Clitocybe à pied en  massue\r\n', '5420982905ac0216d28459', '21117669905ac0216029ffe', '5043900435ac0214dec836', NULL, NULL, NULL, '10245427695ac0218d21614', '2018-04-02 16:55:51', '2018-03-13 14:45:47'),
('3351953795ac01e27035d1', 'Marasmius oreades \r\n', 'Marasme des Oréades \r\n', '15387377755ac0216d4eaf7', '21117669905ac0216029ffe', '11769041325ac0214dbdee3', NULL, NULL, NULL, '10245427695ac0218d21614', '2018-04-02 16:55:51', '2018-03-13 14:45:53'),
('3352379175ac01e290a62c', 'Paxillus involutus \r\n', 'Paxille enroulé \r\n', '19638307355ac0216d1bf05', '21117669905ac0216029ffe', '5043900435ac0214dec836', NULL, NULL, NULL, '10245427695ac0218d21614', '2018-04-02 16:55:51', '2018-03-13 14:45:54'),
('3389194535ac01e2d68788', 'Hygrophorus pustulatus \r\n', 'Hygrophore pustuleux\r\n', '15387377755ac0216d4eaf7', '21117669905ac0216029ffe', '12302707155ac0214e1bc1a', NULL, NULL, NULL, '10245427695ac0218d21614', '2018-04-02 16:55:51', '2018-03-13 14:45:44'),
('3460398465ac01e33b4660', 'Agaricus bitorquis \r\n', 'Agaric des trottoirs\r\n', '15387377755ac0216d4eaf7', '11854696015ac02160647aa', '15649313345ac0214dc8d01', 'Surtout sur sols tassés\r\n', NULL, NULL, '10245427695ac0218d21614', '2018-04-02 16:55:52', '2018-03-13 14:45:43'),
('3566973285ac01e2648e42', 'Chlorophyllum rachodes \r\n', 'Lépiote déguenillée \r\n', '18896956635ac0216d7a88f', '21117669905ac0216029ffe', '8403526235ac0214e05c95', NULL, NULL, NULL, '10245427695ac0218d21614', '2018-04-02 16:55:52', '2018-03-13 14:45:53'),
('3568050105ac01e277ea0a', 'Morchella esculenta \r\n', 'Morille blonde \r\n', '18896956635ac0216d7a88f', '21117669905ac0216029ffe', '6165814045ac0214d4ab0a', NULL, NULL, NULL, '10245427695ac0218d21614', '2018-04-02 16:55:52', '2018-03-13 14:45:53'),
('364912705ac01e2481a55', 'Lepiota castanea \r\n', 'Lépiote châtain \r\n', '19638307355ac0216d1bf05', '21117669905ac0216029ffe', '6165814045ac0214d4ab0a', NULL, NULL, NULL, '10245427695ac0218d21614', '2018-04-02 16:55:52', '2018-03-13 14:45:52'),
('3661946815ac01e2fa5772', 'Russula nigricans \r\n', 'Russule noircissante\r\n', '17589158415ac0216d6c832', '21117669905ac0216029ffe', '5043900435ac0214dec836', NULL, NULL, NULL, '10245427695ac0218d21614', '2018-04-02 16:55:52', '2018-03-13 14:45:59'),
('3681886415ac01e301159c', 'Russula queletii \r\n', 'Russule de Quélet \r\n', '17589158415ac0216d6c832', '21117669905ac0216029ffe', '12302707155ac0214e1bc1a', NULL, NULL, NULL, '10245427695ac0218d21614', '2018-04-02 16:55:52', '2018-03-13 14:45:59'),
('3743338895ac01e1b2607a', 'Chlorociboria aeruginascens \r\n', 'Pezize turquoise\r\n', '17589158415ac0216d6c832', '11854696015ac02160647aa', '15649313345ac0214dc8d01', 'Sur bois. \r\n', NULL, NULL, '10245427695ac0218d21614', '2018-04-02 16:55:52', '2018-03-13 14:45:47'),
('3811810975ac01e2580c9f', 'Leucocoprinus cretaceus \r\n', 'Lépiote blanc de craie \r\n', '19638307355ac0216d1bf05', '11854696015ac02160647aa', '15649313345ac0214dc8d01', 'Sur terre fumée. \r\n', NULL, NULL, '10245427695ac0218d21614', '2018-04-02 16:55:52', '2018-03-13 14:45:52'),
('3817389435ac01e2bcf386', 'Pluteus umbrosus \r\n', 'Plutée brun d’ombre \r\n', '17589158415ac0216d6c832', '21117669905ac0216029ffe', '6165814045ac0214d4ab0a', NULL, NULL, NULL, '10245427695ac0218d21614', '2018-04-02 16:55:52', '2018-03-13 14:45:56'),
('382788875ac01e251b661', 'Lepista irina \r\n', 'Tricholome à odeur d’iris \r\n', '2344341035ac0216d850a5', '21117669905ac0216029ffe', '3395889465ac0214d91a27', NULL, NULL, NULL, '10245427695ac0218d21614', '2018-04-02 16:55:52', '2018-03-13 14:45:52'),
('3943845415ac01e1f6b619', 'Inocybe lanuginosa \r\n', 'Inocybe laineux\r\n', '5420982905ac0216d28459', '21117669905ac0216029ffe', '8403526235ac0214e05c95', NULL, NULL, NULL, '10245427695ac0218d21614', '2018-04-02 16:55:52', '2018-03-13 14:45:49'),
('3949762165ac01e267482a', 'Pluteus phlebophorus \r\n', 'Plutée veiné \r\n', '17589158415ac0216d6c832', '21117669905ac0216029ffe', '6165814045ac0214d4ab0a', NULL, NULL, NULL, '10245427695ac0218d21614', '2018-04-02 16:55:52', '2018-03-13 14:45:53'),
('4024600765ac01e1ec1196', 'Cortinarius callochrous \r\n', 'Cortinaire aux belles couleurs\r\n', '17589158415ac0216d6c832', '11508217045ac0216085364', '15649313345ac0214dc8d01', 'Dans les hêtraies sur sol calcaire. \r\n', NULL, NULL, '10245427695ac0218d21614', '2018-04-02 16:55:52', '2018-03-13 14:45:49'),
('409483675ac01e2078272', 'Agaricus subperonatus \r\n', 'Agaric guêtré\r\n', '15387377755ac0216d4eaf7', '11854696015ac02160647aa', '15649313345ac0214dc8d01', 'Sur sols fumés\r\n', NULL, NULL, '10245427695ac0218d21614', '2018-04-02 16:55:52', '2018-03-13 14:45:44'),
('4134796645ac01e2dd85ed', 'Russula cyanoxantha fo. cutefracta \r\n', 'Russule charbonnière craquelée \r\n', '15387377755ac0216d4eaf7', '21117669905ac0216029ffe', '6165814045ac0214d4ab0a', NULL, NULL, NULL, '10245427695ac0218d21614', '2018-04-02 16:55:52', '2018-03-13 14:45:57'),
('4136184485ac01e2cef59f', 'Russula alutacea \r\n', 'Russule alutacée \r\n', '15387377755ac0216d4eaf7', '21117669905ac0216029ffe', '6165814045ac0214d4ab0a', NULL, NULL, NULL, '10245427695ac0218d21614', '2018-04-02 16:55:52', '2018-03-13 14:45:56'),
('4175403385ac01e2ec1fcf', 'Russula graveolens \r\n', 'Russule écrevisse des chênes \r\n', '15387377755ac0216d4eaf7', '21117669905ac0216029ffe', '16310565925ac0214e48085', NULL, NULL, NULL, '10245427695ac0218d21614', '2018-04-02 16:55:52', '2018-03-13 14:45:58'),
('4198038525ac01e343e379', 'Suillelus luridus \r\n', 'Bolet blafard\r\n', '18896956635ac0216d7a88f', '21117669905ac0216029ffe', '5043900435ac0214dec836', NULL, NULL, NULL, '10245427695ac0218d21614', '2018-04-02 16:55:52', '2018-03-13 14:45:46'),
('423813435ac01e1de3774', 'Cortinarius amoenolens \r\n', 'Cortinaire à odeur agréable\r\n', '17589158415ac0216d6c832', '21117669905ac0216029ffe', '6165814045ac0214d4ab0a', NULL, NULL, NULL, '10245427695ac0218d21614', '2018-04-02 16:55:52', '2018-03-13 14:45:48'),
('425216405ac01e347cf0c', 'Caloboletus radicans \r\n', 'Bolet radicant\r\n', '2344341035ac0216d850a5', '21117669905ac0216029ffe', '6165814045ac0214d4ab0a', NULL, NULL, NULL, '10245427695ac0218d21614', '2018-04-02 16:55:52', '2018-03-13 14:45:46'),
('432388115ac01e2b33ca8', 'Pleurotus ostreatus \r\n', 'Pleurote en huitre \r\n', '18896956635ac0216d7a88f', '21117669905ac0216029ffe', '6165814045ac0214d4ab0a', NULL, NULL, NULL, '10245427695ac0218d21614', '2018-04-02 16:55:52', '2018-03-13 14:45:55'),
('4328499575ac01e25c2199', 'Lycoperdon mammiforme \r\n', 'Vesse-de-loup voilée \r\n', '15387377755ac0216d4eaf7', '21117669905ac0216029ffe', '6165814045ac0214d4ab0a', NULL, NULL, NULL, '10245427695ac0218d21614', '2018-04-02 16:55:52', '2018-03-13 14:45:52'),
('4333807515ac01e2558f65', 'Lepista sordida \r\n', 'Petit pied-bleu  \r\n', '15387377755ac0216d4eaf7', '21117669905ac0216029ffe', '3395889465ac0214d91a27', NULL, NULL, NULL, '10245427695ac0218d21614', '2018-04-02 16:55:52', '2018-03-13 14:45:52'),
('4378274985ac01e312064a', 'Scleroderma bovista \r\n', 'Scléroderme boviste \r\n', '5420982905ac0216d28459', '21117669905ac0216029ffe', '5043900435ac0214dec836', NULL, NULL, NULL, '10245427695ac0218d21614', '2018-04-02 16:55:52', '2018-03-13 14:46:01'),
('4391628115ac01e2cb08c1', 'Ripartites tricholoma \r\n', 'Ripartite à marge barbue \r\n', '17589158415ac0216d6c832', '21117669905ac0216029ffe', '5043900435ac0214dec836', NULL, NULL, NULL, '10245427695ac0218d21614', '2018-04-02 16:55:53', '2018-03-13 14:45:56'),
('4419705075ac01e27c891b', 'Mycena maculata \r\n', 'Mycène tachée \r\n', '17589158415ac0216d6c832', '21117669905ac0216029ffe', '6165814045ac0214d4ab0a', NULL, NULL, NULL, '10245427695ac0218d21614', '2018-04-02 16:55:53', '2018-03-13 14:45:54'),
('4429772075ac01e2d5d7ad', 'Russula aurea \r\n', 'Russule dorée \r\n', '15387377755ac0216d4eaf7', '21117669905ac0216029ffe', '6165814045ac0214d4ab0a', NULL, NULL, NULL, '10245427695ac0218d21614', '2018-04-02 16:55:53', '2018-03-13 14:45:57'),
('4507216115ac01e2fbdf6a', 'Armillaria ostoyae \r\n', 'Armillaire obscure\r\n', '5420982905ac0216d28459', '21117669905ac0216029ffe', '8403526235ac0214e05c95', NULL, NULL, NULL, '10245427695ac0218d21614', '2018-04-02 16:55:53', '2018-03-13 14:45:45'),
('454795185ac01e31dc916', 'Stereum subtomentosum \r\n', 'Stérée presque tomenteux \r\n', '17589158415ac0216d6c832', '21117669905ac0216029ffe', '6165814045ac0214d4ab0a', NULL, NULL, NULL, '10245427695ac0218d21614', '2018-04-02 16:55:53', '2018-03-13 14:46:01'),
('4593595375ac01e3279957', 'Suillus luteus \r\n', 'Nonette voilée \r\n', '2344341035ac0216d850a5', '21117669905ac0216029ffe', '398009485ac0214e3195e', NULL, NULL, NULL, '10245427695ac0218d21614', '2018-04-02 16:55:53', '2018-03-13 14:46:02'),
('461308925ac01e2ce49b2', 'Russula albonigra \r\n', 'Russule blanche et noire \r\n', '17589158415ac0216d6c832', '21117669905ac0216029ffe', '5043900435ac0214dec836', NULL, NULL, NULL, '10245427695ac0218d21614', '2018-04-02 16:55:53', '2018-03-13 14:45:56'),
('4624975475ac01e28a0ef2', 'Amanita ovoidea \r\n', 'Amanite ovoïde\r\n', '15387377755ac0216d4eaf7', '21117669905ac0216029ffe', '5043900435ac0214dec836', NULL, NULL, NULL, '10245427695ac0218d21614', '2018-04-02 16:55:53', '2018-03-13 14:45:44'),
('4677353425ac01e2fded67', 'Russula persicina \r\n', 'Russule couleur de pêche \r\n', '17589158415ac0216d6c832', '21117669905ac0216029ffe', '6165814045ac0214d4ab0a', NULL, NULL, NULL, '10245427695ac0218d21614', '2018-04-02 16:55:53', '2018-03-13 14:45:59'),
('4693412275ac01e25daea7', 'Lycoperdon umbrinum \r\n', 'Vesse-de-loup brun d’ombre \r\n', '17589158415ac0216d6c832', '21117669905ac0216029ffe', '8403526235ac0214e05c95', NULL, NULL, NULL, '10245427695ac0218d21614', '2018-04-02 16:55:53', '2018-03-13 14:45:53'),
('4695404845ac01e291ac60', 'Amanita phalloides \r\n', 'Amanite phalloïde\r\n', '19638307355ac0216d1bf05', '21117669905ac0216029ffe', '5043900435ac0214dec836', NULL, NULL, NULL, '10245427695ac0218d21614', '2018-04-02 16:55:53', '2018-03-13 14:45:44'),
('469942915ac01e27afee4', 'Mycena galopus \r\n', 'Mycène à lait blanc\r\n', '17589158415ac0216d6c832', '21117669905ac0216029ffe', '5043900435ac0214dec836', NULL, NULL, NULL, '10245427695ac0218d21614', '2018-04-02 16:55:53', '2018-03-13 14:45:54'),
('4710155785ac01e303fc55', 'Russula sanguinaria \r\n', 'Russule sanguine \r\n', '17589158415ac0216d6c832', '21117669905ac0216029ffe', '8403526235ac0214e05c95', NULL, NULL, NULL, '10245427695ac0218d21614', '2018-04-02 16:55:53', '2018-03-13 14:46:00'),
('4730375095ac01e2d96b96', 'Russula carpini \r\n', 'Russule des charmes \r\n', '15387377755ac0216d4eaf7', '11508217045ac0216085364', '15649313345ac0214dc8d01', 'Surtout sous charmes. \r\n', NULL, NULL, '10245427695ac0218d21614', '2018-04-02 16:55:53', '2018-03-13 14:45:57'),
('4744782965ac01e21696f4', 'Lactarius glyciosmus \r\n', 'Lactaire à odeur de noix de  coco\r\n', '17589158415ac0216d6c832', '21117669905ac0216029ffe', '8414782745ac0214e26851', NULL, NULL, NULL, '10245427695ac0218d21614', '2018-04-02 16:55:53', '2018-03-13 14:45:50'),
('4795095415ac01e29b8ee7', 'Phellodon melaleucus \r\n', 'Hydne noir et blanc\r\n', '17589158415ac0216d6c832', '21117669905ac0216029ffe', '5043900435ac0214dec836', NULL, NULL, NULL, '10245427695ac0218d21614', '2018-04-02 16:55:53', '2018-03-13 14:45:55'),
('4886949625ac01e3115767', 'Scleroderma areolatum \r\n', 'Scléroderme aréolé \r\n', '5420982905ac0216d28459', '21117669905ac0216029ffe', '5043900435ac0214dec836', NULL, NULL, NULL, '10245427695ac0218d21614', '2018-04-02 16:55:53', '2018-03-13 14:46:01'),
('4942175225ac01e249732d', 'Lepiota cristata \r\n', 'Lépiote à crêtes\r\n', '5420982905ac0216d28459', '21117669905ac0216029ffe', '5043900435ac0214dec836', NULL, NULL, NULL, '10245427695ac0218d21614', '2018-04-02 16:55:53', '2018-03-13 14:45:52'),
('4994779795ac01e1f31ee4', 'Inocybe adaequata \r\n', 'Inocybe du Jura\r\n', '5420982905ac0216d28459', '21117669905ac0216029ffe', '6165814045ac0214d4ab0a', NULL, NULL, NULL, '10245427695ac0218d21614', '2018-04-02 16:55:53', '2018-03-13 14:45:49'),
('504257205ac01e2f2a9b6', 'Russula lilacea \r\n', 'Russule lilas \r\n', '15387377755ac0216d4eaf7', '21117669905ac0216029ffe', '6165814045ac0214d4ab0a', NULL, NULL, NULL, '10245427695ac0218d21614', '2018-04-02 16:55:53', '2018-03-13 14:45:58'),
('5131947665ac01e1f60790', 'Inocybe erubescens \r\n', 'Inocybe de Patouillard\r\n', '5420982905ac0216d28459', '21117669905ac0216029ffe', '6165814045ac0214d4ab0a', NULL, NULL, NULL, '10245427695ac0218d21614', '2018-04-02 16:55:53', '2018-03-13 14:45:49'),
('5161292935ac01e23697f5', 'Lactarius violascens \r\n', 'Lactaire violascent \r\n', '17589158415ac0216d6c832', '21117669905ac0216029ffe', '6165814045ac0214d4ab0a', NULL, NULL, NULL, '10245427695ac0218d21614', '2018-04-02 16:55:53', '2018-03-13 14:45:51'),
('5198062755ac01e242f6f7', 'Amanita crocea \r\n', 'Amanite safran\r\n', '18896956635ac0216d7a88f', '21117669905ac0216029ffe', '5043900435ac0214dec836', NULL, NULL, NULL, '10245427695ac0218d21614', '2018-04-02 16:55:53', '2018-03-13 14:45:44'),
('5208443385ac01e1d3c419', 'Coltricia perennis \r\n', 'Polypore durable\r\n', '17589158415ac0216d6c832', '11854696015ac02160647aa', '15649313345ac0214dc8d01', 'Surtout sur charbonnières. \r\n', NULL, NULL, '10245427695ac0218d21614', '2018-04-02 16:55:53', '2018-03-13 14:45:48'),
('5240423355ac01e2b85a63', 'Pluteus leoninus \r\n', 'Plutée jaune lion \r\n', '17589158415ac0216d6c832', '21117669905ac0216029ffe', '6165814045ac0214d4ab0a', NULL, NULL, NULL, '10245427695ac0218d21614', '2018-04-02 16:55:53', '2018-03-13 14:45:56'),
('5255193765ac01e1d08535', 'Gymnopus dryophilus \r\n', 'Collybie des chênes\r\n', '17589158415ac0216d6c832', '21117669905ac0216029ffe', '5043900435ac0214dec836', NULL, NULL, NULL, '10245427695ac0218d21614', '2018-04-02 16:55:54', '2018-03-13 14:45:48'),
('5318913215ac01e32c08df', 'Thelephora anthocephala var. clavularis \r\n', 'Théléphore en fleur, variété petite massue \r\n', '17589158415ac0216d6c832', '11508217045ac0216085364', '15649313345ac0214dc8d01', 'A terre, dans les bois. \r\n', NULL, NULL, '10245427695ac0218d21614', '2018-04-02 16:55:54', '2018-03-13 14:46:02'),
('5323649405ac01e20130ee', 'Agaricus benesii \r\n', 'Agaric blanc sanguinolent\r\n', '15387377755ac0216d4eaf7', '21117669905ac0216029ffe', '8403526235ac0214e05c95', NULL, NULL, NULL, '10245427695ac0218d21614', '2018-04-02 16:55:54', '2018-03-13 14:45:44'),
('5345326375ac01e342027a', 'Tricholoma equestre \r\n', 'Tricholome équestre \r\n', '19638307355ac0216d1bf05', '21117669905ac0216029ffe', '8403526235ac0214e05c95', NULL, NULL, NULL, '10245427695ac0218d21614', '2018-04-02 16:55:54', '2018-03-13 14:46:04'),
('5417062665ac01e1b90433', 'Clavulina rugosa \r\n', 'Clavaire ridée\r\n', '17589158415ac0216d6c832', '21117669905ac0216029ffe', '5043900435ac0214dec836', NULL, NULL, NULL, '10245427695ac0218d21614', '2018-04-02 16:55:54', '2018-03-13 14:45:47'),
('5426252385ac01e220f682', 'Lactarius picinus \r\n', 'Lactaire enfumé\r\n', '17589158415ac0216d6c832', '21117669905ac0216029ffe', '8403526235ac0214e05c95', NULL, NULL, NULL, '10245427695ac0218d21614', '2018-04-02 16:55:54', '2018-03-13 14:45:51'),
('5509228285ac01e1e40dcf', 'Agaricus moelleri \r\n', 'Agaric pintade\r\n', '5420982905ac0216d28459', '21117669905ac0216029ffe', '6165814045ac0214d4ab0a', NULL, NULL, NULL, '10245427695ac0218d21614', '2018-04-02 16:55:54', '2018-03-13 14:45:44'),
('5538641405ac01e2290fc8', 'Lactarius salmonicolor \r\n', 'Lactaire saumon\r\n', '15387377755ac0216d4eaf7', '21117669905ac0216029ffe', '398009485ac0214e3195e', NULL, NULL, NULL, '10245427695ac0218d21614', '2018-04-02 16:55:54', '2018-03-13 14:45:51'),
('5549306675ac01e3502348', 'Agaricus comtulus \r\n', 'Agaric élégant\r\n', '15387377755ac0216d4eaf7', '21117669905ac0216029ffe', '3395889465ac0214d91a27', NULL, NULL, NULL, '10245427695ac0218d21614', '2018-04-02 16:55:54', '2018-03-13 14:45:43'),
('5567390605ac01e1e77ab4', 'Cortinarius bolaris \r\n', 'Cortinaire ocre rouge\r\n', '5420982905ac0216d28459', '21117669905ac0216029ffe', '6165814045ac0214d4ab0a', NULL, NULL, NULL, '10245427695ac0218d21614', '2018-04-02 16:55:54', '2018-03-13 14:45:49'),
('5576420425ac01e260cbc3', 'Macrocystidia cucumis \r\n', 'Fausse collybie à odeur de concombre \r\n', '17589158415ac0216d6c832', '21117669905ac0216029ffe', '5043900435ac0214dec836', NULL, NULL, NULL, '10245427695ac0218d21614', '2018-04-02 16:55:54', '2018-03-13 14:45:53'),
('5594011755ac01e34cc2e4', 'Rugosomyces carneus \r\n', 'Collybie carnée\r\n', '17589158415ac0216d6c832', '21117669905ac0216029ffe', '3395889465ac0214d91a27', NULL, NULL, NULL, '10245427695ac0218d21614', '2018-04-02 16:55:54', '2018-03-13 14:45:46'),
('5622270035ac01e1cb3134', 'Clitopilus prunulus \r\n', 'Meunier\r\n', '15387377755ac0216d4eaf7', '21117669905ac0216029ffe', '5043900435ac0214dec836', NULL, NULL, NULL, '10245427695ac0218d21614', '2018-04-02 16:55:54', '2018-03-13 14:45:48'),
('5624529585ac01e1c9cffa', 'Clitocybe umbilicata \r\n', 'Clitocybe ombiliqué\r\n', '5420982905ac0216d28459', '21117669905ac0216029ffe', '8403526235ac0214e05c95', NULL, NULL, NULL, '10245427695ac0218d21614', '2018-04-02 16:55:54', '2018-03-13 14:45:48'),
('5658173155ac01e2578517', 'Leucoagaricus leucothites \r\n', 'Lépiote pudique \r\n', '15387377755ac0216d4eaf7', '21117669905ac0216029ffe', '11769041325ac0214dbdee3', NULL, NULL, NULL, '10245427695ac0218d21614', '2018-04-02 16:55:54', '2018-03-13 14:45:52'),
('568711835ac01e349dfb4', 'Bondarzewia mesenterica \r\n', 'Polypore mésentérique\r\n', '17589158415ac0216d6c832', '21117669905ac0216029ffe', '8403526235ac0214e05c95', NULL, NULL, NULL, '10245427695ac0218d21614', '2018-04-02 16:55:54', '2018-03-13 14:45:46'),
('5720059295ac01e22c22b6', 'Lactarius serifluus \r\n', 'Lactaire petit lait \r\n', '17589158415ac0216d6c832', '21117669905ac0216029ffe', '6165814045ac0214d4ab0a', NULL, NULL, NULL, '10245427695ac0218d21614', '2018-04-02 16:55:54', '2018-03-13 14:45:51'),
('578478525ac01e1d99230', 'Elaphocordyceps capitata \r\n', 'Cordyceps à tête renflée\r\n', '17589158415ac0216d6c832', '19361193555ac02160a3a44', '15649313345ac0214dc8d01', 'Sur truffes des cerfs. \r\n', NULL, NULL, '10245427695ac0218d21614', '2018-04-02 16:55:54', '2018-03-13 14:45:48'),
('580830725ac01e203eb18', 'Laccaria proxima \r\n', 'Laccaire très proche du Laccaire  laqué\r\n', '15387377755ac0216d4eaf7', '21117669905ac0216029ffe', '1400758155ac0214e52509', NULL, NULL, NULL, '10245427695ac0218d21614', '2018-04-02 16:55:54', '2018-03-13 14:45:50'),
('5811370595ac01e339e896', 'Tricholoma aurantium \r\n', 'Tricholome orangé\r\n', '2344341035ac0216d850a5', '21117669905ac0216029ffe', '8403526235ac0214e05c95', NULL, NULL, NULL, '10245427695ac0218d21614', '2018-04-02 16:55:54', '2018-03-13 14:46:03'),
('5813794335ac01e2fd6a86', 'Russula pelargonia \r\n', 'Russule à odeur de geranium \r\n', '17589158415ac0216d6c832', '21117669905ac0216029ffe', '14548543435ac0214e10dad', NULL, NULL, NULL, '10245427695ac0218d21614', '2018-04-02 16:55:54', '2018-03-13 14:45:59'),
('5881913265ac01e340fc2f', 'Tricholoma colossus \r\n', 'Tricholome colosse \r\n', '15387377755ac0216d4eaf7', '21117669905ac0216029ffe', '398009485ac0214e3195e', NULL, NULL, NULL, '10245427695ac0218d21614', '2018-04-02 16:55:54', '2018-03-13 14:46:04'),
('5900271975ac01e1da1529', 'Elaphocordyceps ophioglossoides \r\n', 'Cordyceps langue-de-serpent\r\n', '17589158415ac0216d6c832', '19361193555ac02160a3a44', '15649313345ac0214dc8d01', 'Sur truffes des cerfs. \r\n', NULL, NULL, '10245427695ac0218d21614', '2018-04-02 16:55:54', '2018-03-13 14:45:48'),
('5901677065ac01e2106ea9', 'Lactarius decipiens \r\n', 'Lactaire trompeur\r\n', '17589158415ac0216d6c832', '21117669905ac0216029ffe', '6165814045ac0214d4ab0a', NULL, NULL, NULL, '10245427695ac0218d21614', '2018-04-02 16:55:54', '2018-03-13 14:45:50'),
('590607915ac01e1ade37d', 'Abortiporus biennis \r\n', 'Polypore bisannuel\r\n', '17589158415ac0216d6c832', '11854696015ac02160647aa', '15649313345ac0214dc8d01', 'Surtout sur bois enterré\r\n', NULL, NULL, '10245427695ac0218d21614', '2018-04-02 16:55:54', '2018-03-13 14:45:43'),
('5916620755ac01e2dce741', 'Russula cyanoxantha \r\n', 'Russule charbonnière \r\n', '15387377755ac0216d4eaf7', '21117669905ac0216029ffe', '6165814045ac0214d4ab0a', NULL, NULL, NULL, '10245427695ac0218d21614', '2018-04-02 16:55:54', '2018-03-13 14:45:57'),
('5936732925ac01e1ec992d', 'Ramaria flaccida \r\n', 'Ramaire flasque\r\n', '17589158415ac0216d6c832', '21117669905ac0216029ffe', '8403526235ac0214e05c95', NULL, NULL, NULL, '10245427695ac0218d21614', '2018-04-02 16:55:54', '2018-03-13 14:45:49'),
('5978419765ac01e25a1942', 'Limacella guttata \r\n', 'Limacelle tachée \r\n', '15387377755ac0216d4eaf7', '21117669905ac0216029ffe', '8403526235ac0214e05c95', NULL, NULL, NULL, '10245427695ac0218d21614', '2018-04-02 16:55:55', '2018-03-13 14:45:52'),
('5983614385ac01e34b38be', 'Bulgaria inquinans \r\n', 'Bulgarie salissante\r\n', '17589158415ac0216d6c832', '21117669905ac0216029ffe', '16310565925ac0214e48085', NULL, NULL, NULL, '10245427695ac0218d21614', '2018-04-02 16:55:55', '2018-03-13 14:45:46'),
('604421515ac01e211fc79', 'Lactarius deterrimus \r\n', 'Lactaire des épicéas\r\n', '15387377755ac0216d4eaf7', '21117669905ac0216029ffe', '12302707155ac0214e1bc1a', NULL, NULL, NULL, '10245427695ac0218d21614', '2018-04-02 16:55:55', '2018-03-13 14:45:50'),
('6072032085ac01e3271994', 'Boletopsis leucomelaena \r\n', 'Faux bolet rougissant\r\n', '17589158415ac0216d6c832', '21117669905ac0216029ffe', '8403526235ac0214e05c95', NULL, NULL, NULL, '10245427695ac0218d21614', '2018-04-02 16:55:55', '2018-03-13 14:45:46'),
('6143062915ac01e22b21f2', 'Aleuria aurantia \r\n', 'Pezize orangée\r\n', '15387377755ac0216d4eaf7', '11854696015ac02160647aa', '15649313345ac0214dc8d01', 'Surtout sur sol sableux. \r\n', NULL, NULL, '10245427695ac0218d21614', '2018-04-02 16:55:55', '2018-03-13 14:45:44'),
('6151373315ac01e317a6ea', 'Sebacina incrustans \r\n', 'Sébacine incrustante \r\n', '17589158415ac0216d6c832', '11854696015ac02160647aa', '15649313345ac0214dc8d01', 'Sur le sol ou les végétaux. \r\n', NULL, NULL, '10245427695ac0218d21614', '2018-04-02 16:55:55', '2018-03-13 14:46:01'),
('6155918895ac01e2fc626b', 'Russula paludosa \r\n', 'Russule des marais \r\n', '15387377755ac0216d4eaf7', '11508217045ac0216085364', '15649313345ac0214dc8d01', 'Hauts marais. \r\n', NULL, NULL, '10245427695ac0218d21614', '2018-04-02 16:55:55', '2018-03-13 14:45:59'),
('61678225ac01e2a9c5f9', 'Amanita rubescens \r\n', 'Amanite rougissante\r\n', '18896956635ac0216d7a88f', '21117669905ac0216029ffe', '5043900435ac0214dec836', NULL, NULL, NULL, '10245427695ac0218d21614', '2018-04-02 16:55:55', '2018-03-13 14:45:44'),
('6200973215ac01e3258c83', 'Suillus collinitus \r\n', 'Bolet à base rose \r\n', '2344341035ac0216d850a5', '21117669905ac0216029ffe', '398009485ac0214e3195e', NULL, NULL, NULL, '10245427695ac0218d21614', '2018-04-02 16:55:55', '2018-03-13 14:46:02'),
('6274948825ac01e23d71c0', 'Leccinum holopus \r\n', 'Bolet blanc des marais \r\n', '15387377755ac0216d4eaf7', '21117669905ac0216029ffe', '8414782745ac0214e26851', NULL, NULL, NULL, '10245427695ac0218d21614', '2018-04-02 16:55:55', '2018-03-13 14:45:51'),
('6419932315ac01e261fe5e', 'Macrolepiota fuliginosa \r\n', 'Lépiote gris fumé \r\n', '15387377755ac0216d4eaf7', '21117669905ac0216029ffe', '3395889465ac0214d91a27', NULL, NULL, NULL, '10245427695ac0218d21614', '2018-04-02 16:55:55', '2018-03-13 14:45:53'),
('6420877955ac01e2f56c3e', 'Russula luteotacta \r\n', 'Russule jaunissante \r\n', '17589158415ac0216d6c832', '21117669905ac0216029ffe', '6165814045ac0214d4ab0a', NULL, NULL, NULL, '10245427695ac0218d21614', '2018-04-02 16:55:55', '2018-03-13 14:45:59'),
('6430100015ac01e2c87a4a', 'Rhizina undulata \r\n', 'Rhizine ondulée \r\n', '17589158415ac0216d6c832', '21117669905ac0216029ffe', '8403526235ac0214e05c95', NULL, NULL, NULL, '10245427695ac0218d21614', '2018-04-02 16:55:55', '2018-03-13 14:45:56'),
('6445649725ac01e3433991', 'Boletus impolitus \r\n', 'Bolet dépoli\r\n', '15387377755ac0216d4eaf7', '21117669905ac0216029ffe', '6165814045ac0214d4ab0a', NULL, NULL, NULL, '10245427695ac0218d21614', '2018-04-02 16:55:55', '2018-03-13 14:45:46'),
('647281555ac01e2682379', 'Typhula filiformis \r\n', 'Clavaire filiforme \r\n', '17589158415ac0216d6c832', '11854696015ac02160647aa', '15649313345ac0214dc8d01', 'En colonies sur feuilles mortes. \r\n', NULL, NULL, '10245427695ac0218d21614', '2018-04-02 16:55:55', '2018-03-13 14:45:53'),
('6476925465ac01e32ab041', 'Tephrocybe rancida \r\n', 'Téphrocybe rance \r\n', '17589158415ac0216d6c832', '21117669905ac0216029ffe', '6165814045ac0214d4ab0a', NULL, NULL, NULL, '10245427695ac0218d21614', '2018-04-02 16:55:55', '2018-03-13 14:46:02'),
('6515211445ac01e1ee1e73', 'Inocybe bongardii \r\n', 'Inocybe de Bongard Inocybe à odeur de bergamote\r\n', '5420982905ac0216d28459', '21117669905ac0216029ffe', '6165814045ac0214d4ab0a', NULL, NULL, NULL, '10245427695ac0218d21614', '2018-04-02 16:55:55', '2018-03-13 14:45:49'),
('6519134775ac01e2268272', 'Lactarius quieticolor \r\n', 'Lactaire orangé gris\r\n', '15387377755ac0216d4eaf7', '21117669905ac0216029ffe', '398009485ac0214e3195e', NULL, NULL, NULL, '10245427695ac0218d21614', '2018-04-02 16:55:55', '2018-03-13 14:45:51'),
('6573499985ac01e31a5fc2', 'Bisporella citrina \r\n', 'Micro pezize citrine\r\n', '17589158415ac0216d6c832', '21117669905ac0216029ffe', '6165814045ac0214d4ab0a', NULL, NULL, NULL, '10245427695ac0218d21614', '2018-04-02 16:55:55', '2018-03-13 14:45:46'),
('6574855075ac01e2cd1726', 'Russula adusta \r\n', 'Russule brûlée \r\n', '17589158415ac0216d6c832', '21117669905ac0216029ffe', '398009485ac0214e3195e', NULL, NULL, NULL, '10245427695ac0218d21614', '2018-04-02 16:55:55', '2018-03-13 14:45:56'),
('6652328295ac01e1cc8a87', 'Cantharellus cinereus \r\n', 'Chanterelle cendrée\r\n', '15387377755ac0216d4eaf7', '21117669905ac0216029ffe', '5043900435ac0214dec836', NULL, NULL, NULL, '10245427695ac0218d21614', '2018-04-02 16:55:55', '2018-03-13 14:45:48'),
('67360315ac01e3583e0a', 'Cortinarius meinhardii \r\n', 'Cortinaire splendide\r\n', '5420982905ac0216d28459', '21117669905ac0216029ffe', '6165814045ac0214d4ab0a', NULL, NULL, NULL, '10245427695ac0218d21614', '2018-04-02 16:55:55', '2018-03-13 14:45:47'),
('6739739785ac01e3428a36', 'Boletus erythropus \r\n', 'Bolet à pied rouge\r\n', '18896956635ac0216d7a88f', '21117669905ac0216029ffe', '5043900435ac0214dec836', NULL, NULL, NULL, '10245427695ac0218d21614', '2018-04-02 16:55:56', '2018-03-13 14:45:46'),
('6803018615ac01e2a2c83a', 'Polyporus varius \r\n', 'Polypore variable \r\n', '17589158415ac0216d6c832', '21117669905ac0216029ffe', '6165814045ac0214d4ab0a', NULL, NULL, NULL, '10245427695ac0218d21614', '2018-04-02 16:55:56', '2018-03-13 14:45:55'),
('6879372745ac01e231a705', 'Lactarius trivialis \r\n', 'Lactaire trivial \r\n', '5420982905ac0216d28459', '21117669905ac0216029ffe', '8403526235ac0214e05c95', NULL, NULL, NULL, '10245427695ac0218d21614', '2018-04-02 16:55:56', '2018-03-13 14:45:51'),
('6932167925ac01e281b556', 'Amanita ceciliae \r\n', 'Amanite impériale\r\n', '18896956635ac0216d7a88f', '21117669905ac0216029ffe', '5043900435ac0214dec836', NULL, NULL, NULL, '10245427695ac0218d21614', '2018-04-02 16:55:56', '2018-03-13 14:45:44'),
('6934320145ac01e276e4da', 'Mitrophora semilibera \r\n', 'Morillon \r\n', '18896956635ac0216d7a88f', '11854696015ac02160647aa', '15649313345ac0214dc8d01', 'Lieux humides. \r\n', NULL, NULL, '10245427695ac0218d21614', '2018-04-02 16:55:56', '2018-03-13 14:45:53'),
('6957530895ac01e26021d2', 'Lyophyllum fumosum \r\n', 'Tricholome enfumé \r\n', '15387377755ac0216d4eaf7', '21117669905ac0216029ffe', '5043900435ac0214dec836', NULL, NULL, NULL, '10245427695ac0218d21614', '2018-04-02 16:55:56', '2018-03-13 14:45:53'),
('6971665675ac01e256d73d', 'Leucocoprinus badhamii \r\n', 'Lépiote de Badham \r\n', '5420982905ac0216d28459', '21117669905ac0216029ffe', '6165814045ac0214d4ab0a', NULL, NULL, NULL, '10245427695ac0218d21614', '2018-04-02 16:55:56', '2018-03-13 14:45:52'),
('7039672225ac01e2479767', 'Lepiota brunneoincarnata \r\n', 'Lépiote brun-rose \r\n', '19638307355ac0216d1bf05', '21117669905ac0216029ffe', '6165814045ac0214d4ab0a', NULL, NULL, NULL, '10245427695ac0218d21614', '2018-04-02 16:55:56', '2018-03-13 14:45:52'),
('7044611815ac01e3579041', 'Cortinarius spilomeus \r\n', 'Cortinaire tacheté\r\n', '17589158415ac0216d6c832', '21117669905ac0216029ffe', '8403526235ac0214e05c95', NULL, NULL, NULL, '10245427695ac0218d21614', '2018-04-02 16:55:56', '2018-03-13 14:45:47'),
('7126499875ac01e290230b', 'Psathyrella caput-medusae \r\n', 'Psathyrelle tête-de-méduse \r\n', '17589158415ac0216d6c832', '21117669905ac0216029ffe', '8403526235ac0214e05c95', NULL, NULL, NULL, '10245427695ac0218d21614', '2018-04-02 16:55:56', '2018-03-13 14:45:54'),
('7179853695ac01e24aa55d', 'Agaricus arvensis \r\n', 'Agaric des jachères, Boule-de-neige\r\n', '2344341035ac0216d850a5', '11854696015ac02160647aa', '15649313345ac0214dc8d01', 'Pâturages, lieux clairs\r\n', NULL, NULL, '10245427695ac0218d21614', '2018-04-02 16:55:56', '2018-03-13 14:45:43'),
('7219345965ac01e1f3a43f', 'Inocybe pyriodora \r\n', 'Inocybe à odeur de poire\r\n', '5420982905ac0216d28459', '21117669905ac0216029ffe', '6165814045ac0214d4ab0a', NULL, NULL, NULL, '10245427695ac0218d21614', '2018-04-02 16:55:56', '2018-03-13 14:45:49'),
('7252217335ac01e1cbdbda', 'Connopus acervatus \r\n', 'Collybie à pied rouge des  conifères\r\n', '17589158415ac0216d6c832', '21117669905ac0216029ffe', '8403526235ac0214e05c95', NULL, NULL, NULL, '10245427695ac0218d21614', '2018-04-02 16:55:56', '2018-03-13 14:45:48'),
('7257135965ac01e27455d1', 'Melanoleuca melaleuca \r\n', 'Tricholome noir et blanc \r\n', '15387377755ac0216d4eaf7', '21117669905ac0216029ffe', '6165814045ac0214d4ab0a', NULL, NULL, NULL, '10245427695ac0218d21614', '2018-04-02 16:55:56', '2018-03-13 14:45:53'),
('7258789945ac01e21c6430', 'Lactarius pallidus \r\n', 'Lactaire pâle\r\n', '17589158415ac0216d6c832', '21117669905ac0216029ffe', '1931148165ac0214de160d', NULL, NULL, NULL, '10245427695ac0218d21614', '2018-04-02 16:55:56', '2018-03-13 14:45:50'),
('7276084275ac01e1e824cd', 'Cortinarius boudieri \r\n', 'Cortinaire de Boudier\r\n', '17589158415ac0216d6c832', '21117669905ac0216029ffe', '5043900435ac0214dec836', NULL, NULL, NULL, '10245427695ac0218d21614', '2018-04-02 16:55:56', '2018-03-13 14:45:49'),
('7325819385ac01e1d44702', 'Agaricus macrocarpus \r\n', 'Agaric géant des bois\r\n', '2344341035ac0216d850a5', '21117669905ac0216029ffe', '398009485ac0214e3195e', NULL, NULL, NULL, '10245427695ac0218d21614', '2018-04-02 16:55:56', '2018-03-13 14:45:43'),
('7347472415ac01e210f21a', 'Agaricus xanthodermus \r\n', 'Agaric jaunissant\r\n', '5420982905ac0216d28459', '21117669905ac0216029ffe', '6165814045ac0214d4ab0a', NULL, NULL, NULL, '10245427695ac0218d21614', '2018-04-02 16:55:56', '2018-03-13 14:45:44'),
('7395858025ac01e1c4b5e4', 'Clitocybe nebularis\r\n', 'Clitocybe nébuleux, Saint-Martin\r\n', '15387377755ac0216d4eaf7', '21117669905ac0216029ffe', '5043900435ac0214dec836', NULL, NULL, NULL, '10245427695ac0218d21614', '2018-04-02 16:55:56', '2018-03-13 14:45:47'),
('7431326505ac01e32e4084', 'Thelephora terrestris \r\n', 'Théléphore terrestre \r\n', '17589158415ac0216d6c832', '21117669905ac0216029ffe', '8403526235ac0214e05c95', NULL, NULL, NULL, '10245427695ac0218d21614', '2018-04-02 16:55:56', '2018-03-13 14:46:03'),
('7578534875ac01e2530f9e', 'Lepista panaeolus \r\n', 'Argouane des prés \r\n', '15387377755ac0216d4eaf7', '21117669905ac0216029ffe', '11769041325ac0214dbdee3', NULL, NULL, NULL, '10245427695ac0218d21614', '2018-04-02 16:55:56', '2018-03-13 14:45:52'),
('761785305ac01e3222237', 'Suillus cavipes \r\n', 'Bolet à pied creux\r\n', '15387377755ac0216d4eaf7', '21117669905ac0216029ffe', '11945630565ac0214d86e3d', NULL, NULL, NULL, '10245427695ac0218d21614', '2018-04-02 16:55:56', '2018-03-13 14:45:46'),
('7671298055ac01e268d26d', 'Gymnopus foetidus \r\n', 'Marasme fétide \r\n', '17589158415ac0216d6c832', '21117669905ac0216029ffe', '6165814045ac0214d4ab0a', NULL, NULL, NULL, '10245427695ac0218d21614', '2018-04-02 16:55:56', '2018-03-13 14:45:53'),
('7676030765ac01e1e0fc6c', 'Cortinarius argutus \r\n', 'Cortinaire à pied pointu\r\n', '17589158415ac0216d6c832', '21117669905ac0216029ffe', '14548543435ac0214e10dad', NULL, NULL, NULL, '10245427695ac0218d21614', '2018-04-02 16:55:56', '2018-03-13 14:45:48'),
('7679093945ac01e29ea0e1', 'Pholiota alnicola \r\n', 'Pholiote des aulnes \r\n', '2344341035ac0216d850a5', '19361193555ac02160a3a44', '15649313345ac0214dc8d01', 'Surtout sur aulnes et saules.\r\n', NULL, NULL, '10245427695ac0218d21614', '2018-04-02 16:55:57', '2018-03-13 14:45:55'),
('7719685445ac01e1ff1bae', 'Ischnoderma benzoinum \r\n', 'Polypore balsamique\r\n', '17589158415ac0216d6c832', '21117669905ac0216029ffe', '8403526235ac0214e05c95', NULL, NULL, NULL, '10245427695ac0218d21614', '2018-04-02 16:55:57', '2018-03-13 14:45:50'),
('7728986605ac01e330e2f0', 'Trametes suaveolens \r\n', 'Tramète à odeur agréable \r\n', '17589158415ac0216d6c832', '11854696015ac02160647aa', '15649313345ac0214dc8d01', 'Surtout sur arbres riverains. \r\n', NULL, NULL, '10245427695ac0218d21614', '2018-04-02 16:55:57', '2018-03-13 14:46:03'),
('7748357535ac01e1bdd1fe', 'Amanita citrina \r\n', 'Amanite citrine\r\n', '2344341035ac0216d850a5', '21117669905ac0216029ffe', '5043900435ac0214dec836', NULL, NULL, NULL, '10245427695ac0218d21614', '2018-04-02 16:55:57', '2018-03-13 14:45:47'),
('7752005835ac01e31b0e4d', 'Steccherinum fimbriatum \r\n', 'Stécchérine frangé \r\n', '17589158415ac0216d6c832', '11854696015ac02160647aa', '15649313345ac0214dc8d01', 'Surtout sous bois mort. \r\n', NULL, NULL, '10245427695ac0218d21614', '2018-04-02 16:55:57', '2018-03-13 14:46:01'),
('7774474415ac01e2067b0a', 'Lactarius aurantiacus \r\n', 'Lactaire orangé\r\n', '17589158415ac0216d6c832', '21117669905ac0216029ffe', '8403526235ac0214e05c95', NULL, NULL, NULL, '10245427695ac0218d21614', '2018-04-02 16:55:57', '2018-03-13 14:45:50'),
('7790038745ac01e2dac851', 'Amanita vaginata \r\n', 'Amanite vaginée\r\n', '18896956635ac0216d7a88f', '21117669905ac0216029ffe', '5043900435ac0214dec836', NULL, NULL, NULL, '10245427695ac0218d21614', '2018-04-02 16:55:57', '2018-03-13 14:45:44'),
('7793462735ac01e2c278b8', 'Polyporus tuberaster \r\n', 'Polypore à sclérote  \r\n', '17589158415ac0216d6c832', '21117669905ac0216029ffe', '6165814045ac0214d4ab0a', NULL, NULL, NULL, '10245427695ac0218d21614', '2018-04-02 16:55:57', '2018-03-13 14:45:56'),
('7852644315ac01e2a4244b', 'Pholiota flavida \r\n', 'Pholiote jaunâtre \r\n', '2344341035ac0216d850a5', '21117669905ac0216029ffe', '8403526235ac0214e05c95', NULL, NULL, NULL, '10245427695ac0218d21614', '2018-04-02 16:55:57', '2018-03-13 14:45:55'),
('7857289795ac01e30378b4', 'Russula romellii \r\n', 'Russule à lames fragiles\r\n', '15387377755ac0216d4eaf7', '21117669905ac0216029ffe', '6165814045ac0214d4ab0a', NULL, NULL, NULL, '10245427695ac0218d21614', '2018-04-02 16:55:57', '2018-03-13 14:46:00'),
('7861531445ac01e2826471', 'Myxomphalia maura \r\n', 'Omphale des charbonnières \r\n', '17589158415ac0216d6c832', '11854696015ac02160647aa', '15649313345ac0214dc8d01', 'Sur charbonnières. \r\n', NULL, NULL, '10245427695ac0218d21614', '2018-04-02 16:55:57', '2018-03-13 14:45:54'),
('7882761095ac01e1e6196f', 'Cortinarius cagei \r\n', 'Cortinaire de Cage\r\n', '17589158415ac0216d6c832', '21117669905ac0216029ffe', '6165814045ac0214d4ab0a', NULL, NULL, NULL, '10245427695ac0218d21614', '2018-04-02 16:55:57', '2018-03-13 14:45:49'),
('7887961095ac01e2cb8f8e', 'Cortinarius caperatus \r\n', 'Pholiote ridée \r\n', '15387377755ac0216d4eaf7', '21117669905ac0216029ffe', '5043900435ac0214dec836', NULL, NULL, NULL, '10245427695ac0218d21614', '2018-04-02 16:55:57', '2018-03-13 14:45:56'),
('7898042365ac01e2e96463', 'Armillaria mellea \r\n', 'Armillaire couleur de miel\r\n', '5420982905ac0216d28459', '21117669905ac0216029ffe', '6165814045ac0214d4ab0a', NULL, NULL, NULL, '10245427695ac0218d21614', '2018-04-02 16:55:57', '2018-03-13 14:45:45'),
('7909762815ac01e1c5674c', 'Hygrophorus russula \r\n', 'Hygrophore russule\r\n', '15387377755ac0216d4eaf7', '21117669905ac0216029ffe', '6165814045ac0214d4ab0a', NULL, NULL, NULL, '10245427695ac0218d21614', '2018-04-02 16:55:57', '2018-03-13 14:45:43'),
('7913215065ac01e3071218', 'Russula velenovskyi \r\n', 'Russule rouge cuivre\r\n', '15387377755ac0216d4eaf7', '21117669905ac0216029ffe', '5043900435ac0214dec836', NULL, NULL, NULL, '10245427695ac0218d21614', '2018-04-02 16:55:57', '2018-03-13 14:46:00'),
('7926987695ac01e2f9a727', 'Russula nauseosa \r\n', 'Russule précoce \r\n', '17589158415ac0216d6c832', '21117669905ac0216029ffe', '8403526235ac0214e05c95', NULL, NULL, NULL, '10245427695ac0218d21614', '2018-04-02 16:55:57', '2018-03-13 14:45:59'),
('7932496195ac01e1be8489', 'Hygrophorus poetarum \r\n', 'Hygrophore des poètes\r\n', '15387377755ac0216d4eaf7', '21117669905ac0216029ffe', '6165814045ac0214d4ab0a', NULL, NULL, NULL, '10245427695ac0218d21614', '2018-04-02 16:55:57', '2018-03-13 14:45:47'),
('8041782795ac01e1e0521d', 'Cortinarius arcuatorum \r\n', 'Cortinaire des Arcuati\r\n', '17589158415ac0216d6c832', '21117669905ac0216029ffe', '6165814045ac0214d4ab0a', NULL, NULL, NULL, '10245427695ac0218d21614', '2018-04-02 16:55:57', '2018-03-13 14:45:48'),
('8107304755ac01e1e56a7a', 'Cortinarius bataillei \r\n', 'Cortinaire de Bataille\r\n', '17589158415ac0216d6c832', '21117669905ac0216029ffe', '8403526235ac0214e05c95', NULL, NULL, NULL, '10245427695ac0218d21614', '2018-04-02 16:55:57', '2018-03-13 14:45:49'),
('8107640535ac01e1fc5e17', 'Inocybe hypophaea \r\n', 'Inocybe brun ochracé\r\n', '5420982905ac0216d28459', '21117669905ac0216029ffe', '8403526235ac0214e05c95', NULL, NULL, NULL, '10245427695ac0218d21614', '2018-04-02 16:55:57', '2018-03-13 14:45:49'),
('812729505ac01e2309efb', 'Lactarius tabidus \r\n', 'Lactaire chiffonné \r\n', '17589158415ac0216d6c832', '21117669905ac0216029ffe', '5043900435ac0214dec836', NULL, NULL, NULL, '10245427695ac0218d21614', '2018-04-02 16:55:57', '2018-03-13 14:45:51'),
('8134213025ac01e3464a85', 'Butyriboletus pseudoregius \r\n', 'Bolet faux royal\r\n', '18896956635ac0216d7a88f', '21117669905ac0216029ffe', '6165814045ac0214d4ab0a', NULL, NULL, NULL, '10245427695ac0218d21614', '2018-04-02 16:55:58', '2018-03-13 14:45:46'),
('816201765ac01e2ae6c54', 'Xenasmatella sulphurea \r\n', 'Phlebiella soufré \r\n', '17589158415ac0216d6c832', '11854696015ac02160647aa', '15649313345ac0214dc8d01', 'Sur bois mort. \r\n', NULL, NULL, '10245427695ac0218d21614', '2018-04-02 16:55:58', '2018-03-13 14:45:55'),
('816348485ac01e2e12faf', 'Russula delica \r\n', 'Russule faux-lactaire \r\n', '17589158415ac0216d6c832', '21117669905ac0216029ffe', '5043900435ac0214dec836', NULL, NULL, NULL, '10245427695ac0218d21614', '2018-04-02 16:55:58', '2018-03-13 14:45:57'),
('8165881905ac01e34a8f03', 'Bovista plumbea \r\n', 'Vesse-de-loup plombée\r\n', '17589158415ac0216d6c832', '21117669905ac0216029ffe', '3395889465ac0214d91a27', NULL, NULL, NULL, '10245427695ac0218d21614', '2018-04-02 16:55:58', '2018-03-13 14:45:46'),
('8174749395ac01e1bd2788', 'Hymenochaete rubiginosa \r\n', 'Hyménochaete rouille\r\n', '17589158415ac0216d6c832', '21117669905ac0216029ffe', '6165814045ac0214d4ab0a', NULL, NULL, NULL, '10245427695ac0218d21614', '2018-04-02 16:55:58', '2018-03-13 14:45:43'),
('8210875165ac01e31e7b64', 'Bjerkandera adusta \r\n', 'Tramète brûlée\r\n', '17589158415ac0216d6c832', '19361193555ac02160a3a44', '15649313345ac0214dc8d01', 'Sur bois.\r\n', NULL, NULL, '10245427695ac0218d21614', '2018-04-02 16:55:58', '2018-03-13 14:45:46'),
('8262345525ac01e1dee6a1', 'Cortinarius anomalus \r\n', 'Cortinaire irrégulier\r\n', '17589158415ac0216d6c832', '21117669905ac0216029ffe', '6165814045ac0214d4ab0a', NULL, NULL, NULL, '10245427695ac0218d21614', '2018-04-02 16:55:58', '2018-03-13 14:45:48'),
('8417472265ac01e30919af', 'Russula violacea \r\n', 'Russule violacée \r\n', '17589158415ac0216d6c832', '21117669905ac0216029ffe', '6165814045ac0214d4ab0a', NULL, NULL, NULL, '10245427695ac0218d21614', '2018-04-02 16:55:58', '2018-03-13 14:46:00'),
('8441069455ac01e2588ba2', 'Leucocoprinus birnbaumii \r\n', 'Lépiote jaune \r\n', '5420982905ac0216d28459', '11854696015ac02160647aa', '15649313345ac0214dc8d01', 'Sur terreau. \r\n', NULL, NULL, '10245427695ac0218d21614', '2018-04-02 16:55:58', '2018-03-13 14:45:52'),
('845269305ac01e2e41a14', 'Russula emetica \r\n', 'Russule émétique \r\n', '5420982905ac0216d28459', '21117669905ac0216029ffe', '8403526235ac0214e05c95', NULL, NULL, NULL, '10245427695ac0218d21614', '2018-04-02 16:55:58', '2018-03-13 14:45:58'),
('857826525ac01e32c9037', 'Thelephora palmata \r\n', 'Théléphore palmé \r\n', '17589158415ac0216d6c832', '21117669905ac0216029ffe', '8403526235ac0214e05c95', NULL, NULL, NULL, '10245427695ac0218d21614', '2018-04-02 16:55:58', '2018-03-13 14:46:02'),
('858873265ac01e33ddb37', 'Tricholoma bresadolanum \r\n', 'Tricholome vergeté des feuillus \r\n', '2344341035ac0216d850a5', '21117669905ac0216029ffe', '6165814045ac0214d4ab0a', NULL, NULL, NULL, '10245427695ac0218d21614', '2018-04-02 16:55:58', '2018-03-13 14:46:04'),
('8596911255ac01e204f294', 'Lactarius acerrimus \r\n', 'Lactaire à lames interveinées\r\n', '17589158415ac0216d6c832', '21117669905ac0216029ffe', '6165814045ac0214d4ab0a', NULL, NULL, NULL, '10245427695ac0218d21614', '2018-04-02 16:55:58', '2018-03-13 14:45:50'),
('8706751755ac01e2e23b42', 'Russula sardonia \r\n', 'Russule sardoine\r\n', '5420982905ac0216d28459', '11508217045ac0216085364', '15649313345ac0214dc8d01', 'Dans les pinèdes sablonneuses. \r\n', NULL, NULL, '10245427695ac0218d21614', '2018-04-02 16:55:58', '2018-03-13 14:45:57'),
('8804658515ac01e28aef0c', 'Panaeolina foenisecii \r\n', 'Panéole des foins \r\n', '5420982905ac0216d28459', '21117669905ac0216029ffe', '3395889465ac0214d91a27', NULL, NULL, NULL, '10245427695ac0218d21614', '2018-04-02 16:55:58', '2018-03-13 14:45:54'),
('8857262095ac01e30220ce', 'Russula raoultii \r\n', 'Russule jaune pâle \r\n', '17589158415ac0216d6c832', '21117669905ac0216029ffe', '5043900435ac0214dec836', NULL, NULL, NULL, '10245427695ac0218d21614', '2018-04-02 16:55:58', '2018-03-13 14:45:59'),
('8934341245ac01e23b67f9', 'Leccinum cyaneobasileucum \r\n', 'Bolet rude à base bleue \r\n', '15387377755ac0216d4eaf7', '21117669905ac0216029ffe', '8414782745ac0214e26851', NULL, NULL, NULL, '10245427695ac0218d21614', '2018-04-02 16:55:58', '2018-03-13 14:45:51'),
('9009873735ac01e259922f', 'Leucopaxillus giganteus \r\n', 'Leucopaxille géant \r\n', '5420982905ac0216d28459', '21117669905ac0216029ffe', '11769041325ac0214dbdee3', NULL, NULL, NULL, '10245427695ac0218d21614', '2018-04-02 16:55:58', '2018-03-13 14:45:52'),
('9033104555ac01e354ebad', 'Cortinarius rubellus \r\n', 'Cortinaire très élégant\r\n', '19638307355ac0216d1bf05', '21117669905ac0216029ffe', '8403526235ac0214e05c95', NULL, NULL, NULL, '10245427695ac0218d21614', '2018-04-02 16:55:58', '2018-03-13 14:45:47'),
('9102616805ac01e2f1fada', 'Russula rosea \r\n', 'Russule rose \r\n', '15387377755ac0216d4eaf7', '21117669905ac0216029ffe', '5043900435ac0214dec836', NULL, NULL, NULL, '10245427695ac0218d21614', '2018-04-02 16:55:58', '2018-03-13 14:45:58'),
('9164857365ac01e2831266', 'Neolentinus adhaerens \r\n', 'Lentin collant \r\n', '17589158415ac0216d6c832', '11854696015ac02160647aa', '15649313345ac0214dc8d01', 'Sur bois de résineux. Espèce montagnarde. \r\n', NULL, NULL, '10245427695ac0218d21614', '2018-04-02 16:55:58', '2018-03-13 14:45:54'),
('9170173215ac01e25b1ed9', 'Amanita fulva \r\n', 'Amanite fauve\r\n', '18896956635ac0216d7a88f', '21117669905ac0216029ffe', '5043900435ac0214dec836', NULL, NULL, NULL, '10245427695ac0218d21614', '2018-04-02 16:55:58', '2018-03-13 14:45:44'),
('9233335585ac01e24cdcec', 'Lepiota subincarnata \r\n', 'Lépiote de Josserand \r\n', '19638307355ac0216d1bf05', '21117669905ac0216029ffe', '5043900435ac0214dec836', NULL, NULL, NULL, '10245427695ac0218d21614', '2018-04-02 16:55:58', '2018-03-13 14:45:52'),
('9275678245ac01e28ee289', 'Tapinella atrotomentosa \r\n', 'Paxille à pied noir \r\n', '17589158415ac0216d6c832', '21117669905ac0216029ffe', '8403526235ac0214e05c95', NULL, NULL, NULL, '10245427695ac0218d21614', '2018-04-02 16:55:58', '2018-03-13 14:45:54'),
('92763175ac01e26698dc', 'Psathyrella maculata \r\n', 'Psathyrelle tachée \r\n', '17589158415ac0216d6c832', '11854696015ac02160647aa', '15649313345ac0214dc8d01', 'Sur les souches. \r\n', NULL, NULL, '10245427695ac0218d21614', '2018-04-02 16:55:58', '2018-03-13 14:45:53'),
('9285231455ac01e2e1b9e6', 'Russula densifolia \r\n', 'Russule à lames serrées \r\n', '17589158415ac0216d6c832', '11508217045ac0216085364', '15649313345ac0214dc8d01', 'Dans les bois siliceux. \r\n', NULL, NULL, '10245427695ac0218d21614', '2018-04-02 16:55:59', '2018-03-13 14:45:57'),
('9318779025ac01e25ca8d1', 'Lycoperdon perlatum \r\n', 'Vesse-de-loup perlée \r\n', '2344341035ac0216d850a5', '21117669905ac0216029ffe', '5043900435ac0214dec836', NULL, NULL, NULL, '10245427695ac0218d21614', '2018-04-02 16:55:59', '2018-03-13 14:45:52'),
('9319714485ac01e33449fb', 'Tremella mesenterica \r\n', 'Trémelle mésentérique \r\n', '17589158415ac0216d6c832', '21117669905ac0216029ffe', '6165814045ac0214d4ab0a', NULL, NULL, NULL, '10245427695ac0218d21614', '2018-04-02 16:55:59', '2018-03-13 14:46:03'),
('9376607835ac01e2d1ed24', 'Amanita submembranacea \r\n', 'Amanite à volve grise\r\n', '5420982905ac0216d28459', '21117669905ac0216029ffe', '5043900435ac0214dec836', NULL, NULL, NULL, '10245427695ac0218d21614', '2018-04-02 16:55:59', '2018-03-13 14:45:44'),
('9398699385ac01e1b8811a', 'Clavulina cristata \r\n', 'Clavaire dentelée\r\n', '17589158415ac0216d6c832', '21117669905ac0216029ffe', '5043900435ac0214dec836', NULL, NULL, NULL, '10245427695ac0218d21614', '2018-04-02 16:55:59', '2018-03-13 14:45:47'),
('9406883115ac01e1d7081f', 'Coprinopsis lagopus \r\n', 'Coprin pied-de-lièvre\r\n', '17589158415ac0216d6c832', '21117669905ac0216029ffe', '5043900435ac0214dec836', NULL, NULL, NULL, '10245427695ac0218d21614', '2018-04-02 16:55:59', '2018-03-13 14:45:48'),
('9416889255ac01e34dc893', 'Tricholomella constricta \r\n', 'Faux avrillot d’automne\r\n', '15387377755ac0216d4eaf7', '21117669905ac0216029ffe', '3395889465ac0214d91a27', NULL, NULL, NULL, '10245427695ac0218d21614', '2018-04-02 16:55:59', '2018-03-13 14:45:46'),
('9420070885ac01e29df6a0', 'Pholiota adiposa \r\n', 'Pholiote graisseuse \r\n', '2344341035ac0216d850a5', '21117669905ac0216029ffe', '1931148165ac0214de160d', NULL, NULL, NULL, '10245427695ac0218d21614', '2018-04-02 16:55:59', '2018-03-13 14:45:55'),
('943119255ac01e3389434', 'Tricholoma album \r\n', 'Tricholome blanc \r\n', '5420982905ac0216d28459', '21117669905ac0216029ffe', '6165814045ac0214d4ab0a', NULL, NULL, NULL, '10245427695ac0218d21614', '2018-04-02 16:55:59', '2018-03-13 14:46:03'),
('9517911725ac01e2896660', 'Panaeolus semiovatus \r\n', 'Panéole semi-ovoïde \r\n', '5420982905ac0216d28459', '11854696015ac02160647aa', '15649313345ac0214dc8d01', 'Sur excréments.\r\n', NULL, NULL, '10245427695ac0218d21614', '2018-04-02 16:55:59', '2018-03-13 14:45:54'),
('9532985625ac01e26d98fe', 'Mycena epipterygia var. viscosa \r\n', 'Mycène visqueuse \r\n', '17589158415ac0216d6c832', '21117669905ac0216029ffe', '8403526235ac0214e05c95', NULL, NULL, NULL, '10245427695ac0218d21614', '2018-04-02 16:55:59', '2018-03-13 14:45:53'),
('9536243085ac01e29a5c97', 'Fomitiporia robusta \r\n', 'Phellin du chêne \r\n', '17589158415ac0216d6c832', '21117669905ac0216029ffe', '16310565925ac0214e48085', NULL, NULL, NULL, '10245427695ac0218d21614', '2018-04-02 16:55:59', '2018-03-13 14:45:55'),
('9595064555ac01e2ea12bc', 'Russula foetens \r\n', 'Russule fétide \r\n', '17589158415ac0216d6c832', '21117669905ac0216029ffe', '5043900435ac0214dec836', NULL, NULL, NULL, '10245427695ac0218d21614', '2018-04-02 16:55:59', '2018-03-13 14:45:58'),
('9602094585ac01e28e5f64', 'Panellus stipticus \r\n', 'Panelle astringent \r\n', '5420982905ac0216d28459', '21117669905ac0216029ffe', '6165814045ac0214d4ab0a', NULL, NULL, NULL, '10245427695ac0218d21614', '2018-04-02 16:55:59', '2018-03-13 14:45:54'),
('9728046655ac01e30e8e53', 'Sarcoscypha coccinea \r\n', 'Pezize écarlate\r\n', '17589158415ac0216d6c832', '21117669905ac0216029ffe', '6165814045ac0214d4ab0a', NULL, NULL, NULL, '10245427695ac0218d21614', '2018-04-02 16:55:59', '2018-03-13 14:46:01'),
('9742721325ac01e2239c06', 'Agrocybe praecox \r\n', 'Agrocybe précoce\r\n', '17589158415ac0216d6c832', '21117669905ac0216029ffe', '6165814045ac0214d4ab0a', NULL, NULL, NULL, '10245427695ac0218d21614', '2018-04-02 16:55:59', '2018-03-13 14:45:44'),
('9745578155ac01e1b98d06', 'Clavulinopsis fusiformis \r\n', 'Clavaire en fuseau\r\n', '17589158415ac0216d6c832', '21117669905ac0216029ffe', '11769041325ac0214dbdee3', NULL, NULL, NULL, '10245427695ac0218d21614', '2018-04-02 16:55:59', '2018-03-13 14:45:47');
INSERT INTO `specie` (`id`, `name_latin`, `name_french`, `edibility_id`, `trophic_status_id`, `biotope_id`, `other_region`, `confusion`, `comment`, `creator_id`, `updated_at`, `created_at`) VALUES
('9745621155ac01e291258d', 'Tapinella panuoides \r\n', 'Paxille en forme de Panus \r\n', '17589158415ac0216d6c832', '21117669905ac0216029ffe', '8403526235ac0214e05c95', NULL, NULL, NULL, '10245427695ac0218d21614', '2018-04-02 16:55:59', '2018-03-13 14:45:54'),
('9780652335ac01e26154c8', 'Macrolepiota excoriata \r\n', 'Lépiote excoriée \r\n', '15387377755ac0216d4eaf7', '21117669905ac0216029ffe', '3395889465ac0214d91a27', NULL, NULL, NULL, '10245427695ac0218d21614', '2018-04-02 16:55:59', '2018-03-13 14:45:53'),
('9829404355ac01e29956f9', 'Phellinus hartigii \r\n', 'Polypore du sapin \r\n', '17589158415ac0216d6c832', '21117669905ac0216029ffe', '398009485ac0214e3195e', NULL, NULL, NULL, '10245427695ac0218d21614', '2018-04-02 16:55:59', '2018-03-13 14:45:55'),
('9852458995ac01e2b574f8', 'Pluteus cervinus \r\n', 'Plutée couleur de cerf \r\n', '15387377755ac0216d4eaf7', '21117669905ac0216029ffe', '6165814045ac0214d4ab0a', NULL, NULL, NULL, '10245427695ac0218d21614', '2018-04-02 16:55:59', '2018-03-13 14:45:56'),
('9920584815ac01e2312243', 'Lactarius torminosus \r\n', 'Lactaire à toison \r\n', '5420982905ac0216d28459', '21117669905ac0216029ffe', '8414782745ac0214e26851', NULL, NULL, NULL, '10245427695ac0218d21614', '2018-04-02 16:55:59', '2018-03-13 14:45:51'),
('9954141135ac01e2c3e65e', 'Ramaria fumigata \r\n', 'Ramaire enfumée \r\n', '17589158415ac0216d6c832', '21117669905ac0216029ffe', '6165814045ac0214d4ab0a', NULL, NULL, NULL, '10245427695ac0218d21614', '2018-04-02 16:55:59', '2018-03-13 14:45:56'),
('998718175ac01e23a084d', 'Leccinum aurantiacum \r\n', 'Bolet orangé des chênes \r\n', '15387377755ac0216d4eaf7', '21117669905ac0216029ffe', '6165814045ac0214d4ab0a', NULL, NULL, NULL, '10245427695ac0218d21614', '2018-04-02 16:55:59', '2018-03-13 14:45:51'),
('9991861155ac01e322aabc', 'Protostropharia semiglobata \r\n', 'Strophaire hémisphérique \r\n', '2344341035ac0216d850a5', '11854696015ac02160647aa', '15649313345ac0214dc8d01', 'Sur fumier, crottins et bouses. \r\n', NULL, NULL, '10245427695ac0218d21614', '2018-04-02 16:55:59', '2018-03-13 14:46:02'),
('9995288865ac01e323e5f0', 'Leratiomyces squamosus \r\n', 'Strophaire écailleuse\r\n', '5420982905ac0216d28459', '21117669905ac0216029ffe', '5043900435ac0214dec836', NULL, NULL, NULL, '10245427695ac0218d21614', '2018-04-02 16:55:59', '2018-03-13 14:46:02');

-- --------------------------------------------------------

--
-- Structure de la table `trophic_status`
--

CREATE TABLE `trophic_status` (
  `id` varchar(255) CHARACTER SET utf8 COLLATE utf8_unicode_ci NOT NULL,
  `status` varchar(255) CHARACTER SET utf8 COLLATE utf8_unicode_ci NOT NULL,
  `updated_at` timestamp NOT NULL DEFAULT CURRENT_TIMESTAMP ON UPDATE CURRENT_TIMESTAMP,
  `created_at` timestamp NOT NULL DEFAULT CURRENT_TIMESTAMP
) ENGINE=InnoDB DEFAULT CHARSET=utf8;

--
-- Contenu de la table `trophic_status`
--

INSERT INTO `trophic_status` (`id`, `status`, `updated_at`, `created_at`) VALUES
('11508217045ac0216085364', 'Mycorhizien', '2018-04-01 00:01:36', '2018-02-14 14:12:36'),
('11854696015ac02160647aa', 'Saprotrophe', '2018-04-01 00:01:36', '2018-02-14 14:12:36'),
('19361193555ac02160a3a44', 'Parasite', '2018-04-01 00:01:36', '2018-03-13 14:44:08'),
('21117669905ac0216029ffe', 'Parasite biotrophe', '2018-04-01 00:01:36', '2018-02-14 14:12:02'),
('641626655ac021605a934', 'Parasite nécrotrophe', '2018-04-01 00:01:36', '2018-02-14 14:12:02');

-- --------------------------------------------------------

--
-- Structure de la table `user`
--

CREATE TABLE `user` (
  `id` varchar(255) CHARACTER SET utf8 COLLATE utf8_unicode_ci NOT NULL,
  `mail` varchar(255) CHARACTER SET utf8 COLLATE utf8_unicode_ci NOT NULL,
  `password` varchar(255) CHARACTER SET utf8 COLLATE utf8_unicode_ci NOT NULL,
  `last_name` varchar(255) CHARACTER SET utf8 COLLATE utf8_unicode_ci DEFAULT NULL,
  `first_name` varchar(255) CHARACTER SET utf8 COLLATE utf8_unicode_ci DEFAULT NULL,
  `role` text CHARACTER SET utf8 COLLATE utf8_unicode_ci NOT NULL,
  `updated_at` timestamp NOT NULL DEFAULT CURRENT_TIMESTAMP ON UPDATE CURRENT_TIMESTAMP,
  `created_at` timestamp NOT NULL DEFAULT CURRENT_TIMESTAMP
) ENGINE=InnoDB DEFAULT CHARSET=utf8;

--
-- Contenu de la table `user`
--

INSERT INTO `user` (`id`, `mail`, `password`, `last_name`, `first_name`, `role`, `updated_at`, `created_at`) VALUES
('10245427695ac0218d21614', 'geoffreybaier@gmail.com', '$2y$10$4chd6qUIvwbWgVRYz1DQkOegNCpVurf3eX3VwMszGNw71iivIr8uK', 'Baier', 'Geoffrey', 'user', '2018-04-01 00:02:21', '2018-02-14 09:07:49'),
('19015673875ac0218d16df9', 'renouard.q@gmail.com', '$2y$10$uKgxVXGCowZorD/EAthqpOFLmkaSUusptjpSEfy1..OBV.RhwrqPi', 'RENOUARD', 'Quentin', 'user', '2018-04-01 00:02:21', '2018-02-21 13:40:08'),
('20313630655ac0218d0b3b3', 'admin@admin.fr', '$2y$10$zp3mxcM.CEY2Uhr01LeAzuhfkX41U3giAXF/0a1QIEvLo14QimI/.', 'admin', 'admin', 'admin', '2018-04-01 00:02:21', '2018-03-15 11:07:47');

--
-- Index pour les tables exportées
--

--
-- Index pour la table `biotope`
--
ALTER TABLE `biotope`
  ADD PRIMARY KEY (`id`),
  ADD KEY `id` (`id`),
  ADD KEY `region` (`region`);

--
-- Index pour la table `edibility`
--
ALTER TABLE `edibility`
  ADD PRIMARY KEY (`id`),
  ADD KEY `id` (`id`),
  ADD KEY `status` (`status`);

--
-- Index pour la table `specie`
--
ALTER TABLE `specie`
  ADD PRIMARY KEY (`id`),
  ADD KEY `id` (`id`),
  ADD KEY `name_latin` (`name_latin`),
  ADD KEY `name_french` (`name_french`),
  ADD KEY `edibility_id` (`edibility_id`),
  ADD KEY `trophic_status_id` (`trophic_status_id`),
  ADD KEY `biotope_id` (`biotope_id`),
  ADD KEY `creator_id` (`creator_id`);

--
-- Index pour la table `trophic_status`
--
ALTER TABLE `trophic_status`
  ADD PRIMARY KEY (`id`),
  ADD KEY `id` (`id`),
  ADD KEY `status` (`status`);

--
-- Index pour la table `user`
--
ALTER TABLE `user`
  ADD PRIMARY KEY (`id`),
  ADD KEY `id` (`id`),
  ADD KEY `mail` (`mail`);

--
-- Contraintes pour les tables exportées
--

--
-- Contraintes pour la table `specie`
--
ALTER TABLE `specie`
  ADD CONSTRAINT `foreign_biotope_id` FOREIGN KEY (`biotope_id`) REFERENCES `biotope` (`id`) ON DELETE CASCADE ON UPDATE CASCADE,
  ADD CONSTRAINT `foreign_creator_id` FOREIGN KEY (`creator_id`) REFERENCES `user` (`id`) ON DELETE CASCADE ON UPDATE CASCADE,
  ADD CONSTRAINT `foreign_edibility_id` FOREIGN KEY (`edibility_id`) REFERENCES `edibility` (`id`) ON DELETE CASCADE ON UPDATE CASCADE,
  ADD CONSTRAINT `foreign_trophic_status_id` FOREIGN KEY (`trophic_status_id`) REFERENCES `trophic_status` (`id`) ON DELETE CASCADE ON UPDATE CASCADE;

/*!40101 SET CHARACTER_SET_CLIENT=@OLD_CHARACTER_SET_CLIENT */;
/*!40101 SET CHARACTER_SET_RESULTS=@OLD_CHARACTER_SET_RESULTS */;
/*!40101 SET COLLATION_CONNECTION=@OLD_COLLATION_CONNECTION */;
